EpochTimestamp,TStep,Data 0,Data 1,Data 2,Data 3,Data 4,Data 5,Data 6,Data 7,Data 8,Data 9,Mark
1756460147,1,0.0,0.0,0.0,0.0,0.0,0.0,0.0,0.0,2.0,-0.15,0
1756460149,2,0.0,0.0,0.0,0.0,0.0,0.0,0.0,0.0,2.0,-0.07,0
1756460149,3,0.0,0.0,0.0,1.0,0.0,0.0,0.0,0.0,2.0,0.07,0
1756460149,4,0.0,0.0,0.0,1.0,0.0,0.0,0.0,0.0,4.0,0.2,0
1756460149,5,0.0,0.0,0.0,1.0,0.0,0.0,0.0,0.0,0.0,0.0,0
1756460149,6,0.0,0.0,0.0,1.0,0.0,0.0,0.0,0.0,0.0,0.0,0
1756460149,7,0.0,0.0,0.0,1.0,0.0,0.0,0.0,0.0,0.0,0.0,0
1756460149,8,0.0,0.0,0.0,1.0,0.0,0.0,0.0,0.0,0.0,0.12,0
1756460149,9,0.0,0.0,0.0,1.0,0.0,0.0,0.0,0.0,3.0,0.25,0
1756460149,10,0.0,0.0,0.0,1.0,0.0,0.0,0.0,0.0,4.0,0.0,0
1756460149,11,0.0,0.0,0.0,1.0,0.0,0.0,0.0,0.0,1.0,0.05,0
1756460149,12,0.0,0.0,0.0,1.0,0.0,0.0,0.0,0.0,1.0,0.12,0
1756460149,13,0.0,0.0,0.0,1.0,0.0,0.0,0.0,0.0,2.0,0.12,0
1756460149,14,0.0,0.0,0.0,1.0,0.0,0.0,0.0,0.0,0.0,0.0,0
1756460149,15,0.0,0.0,0.0,1.0,0.0,0.0,0.0,0.0,2.0,0.46,0
1756460149,16,0.0,0.0,0.0,1.0,0.0,0.0,0.0,0.0,0.0,0.0,0
1756460149,17,0.0,0.0,0.0,1.0,0.0,0.0,0.0,0.0,2.0,0.0,0
1756460149,18,0.0,0.0,0.0,1.0,0.0,0.0,0.0,0.0,1.0,0.05,0
1756460149,19,0.0,0.0,0.0,1.0,0.0,0.0,0.0,0.0,2.0,0.05,0
1756460149,20,0.0,0.0,0.0,1.0,0.0,0.0,0.0,0.0,0.0,0.0,0
1756460149,21,0.0,0.0,0.0,1.0,0.0,0.0,0.0,0.0,4.0,0.12,0
1756460149,22,0.0,0.0,0.0,1.0,0.0,0.0,0.0,0.0,2.0,0.33,0
1756460149,23,0.0,0.0,0.0,1.0,0.0,0.0,0.0,0.0,0.0,0.0,0
1756460149,24,0.0,0.0,0.0,1.0,0.0,0.0,0.0,0.0,1.0,0.0,0
1756460149,25,0.0,0.0,0.0,1.0,0.0,0.0,0.0,0.0,9.0,0.46,0
1756460149,26,0.0,0.0,0.0,1.0,0.0,0.0,0.0,0.0,2.0,0.12,0
1756460149,27,0.0,0.0,0.0,1.0,0.0,0.0,0.0,0.0,0.0,0.0,0
1756460149,28,0.0,0.0,0.0,1.0,0.0,0.0,0.0,0.0,2.0,0.86,0
1756460149,29,0.0,0.0,0.0,1.0,0.0,0.0,0.0,0.0,1.0,0.33,0
1756460149,30,0.0,0.0,0.0,1.0,0.0,0.0,0.0,0.0,1.0,0.0,0
1756460149,31,0.0,0.0,0.0,1.0,0.0,0.0,0.0,0.0,2.0,0.2,0
1756460149,32,0.0,0.0,0.0,1.0,0.0,0.0,0.0,0.0,8.0,0.12,0
1756460149,33,0.0,0.0,0.0,1.0,0.0,0.0,0.0,0.0,1.0,0.0,0
1756460149,34,0.0,0.0,0.0,1.0,0.0,0.0,0.0,0.0,2.0,0.73,0
1756460149,35,0.0,0.0,0.0,1.0,0.0,0.0,0.0,0.0,2.0,0.12,0
1756460149,36,0.0,0.0,0.0,1.0,0.0,0.0,0.0,0.0,0.0,0.2,0
1756460149,37,0.0,0.0,0.0,1.0,0.0,0.0,0.0,0.0,1.0,0.33,0
1756460149,38,0.0,0.0,0.0,1.0,0.0,0.0,0.0,0.0,0.0,0.0,0
1756460149,39,0.0,0.0,0.0,1.0,0.0,0.0,0.0,0.0,1.0,0.12,0
1756460149,40,0.0,0.0,0.0,1.0,0.0,0.0,0.0,0.0,0.0,0.0,0
1756460149,41,0.0,0.0,0.0,1.0,0.0,0.0,0.0,0.0,1.0,0.23,0
1756460149,42,0.0,0.0,0.0,1.0,0.0,0.0,0.0,0.0,1.0,0.05,0
1756460149,43,0.0,0.0,0.0,1.0,0.0,0.0,0.0,0.0,0.0,0.0,0
1756460149,44,0.0,0.0,0.0,1.0,0.0,0.0,0.0,0.0,5.0,0.05,0
1756460149,45,0.0,0.0,0.0,1.0,0.0,0.0,0.0,0.0,3.0,0.02,0
1756460150,46,0.0,0.0,0.0,1.0,0.0,0.0,0.0,0.0,0.0,0.0,0
1756460150,47,0.0,0.0,0.0,1.0,0.0,0.0,0.0,0.0,3.0,0.05,0
1756460150,48,0.0,0.0,0.0,1.0,0.0,0.0,0.0,0.0,0.0,0.05,0
1756460150,49,0.0,0.0,0.0,1.0,0.0,0.0,0.0,0.0,5.0,0.12,0
1756460150,50,0.0,0.0,0.0,1.0,0.0,0.0,0.0,0.0,2.0,0.0,0
1756460150,51,0.0,0.0,0.0,1.0,0.0,0.0,0.0,0.0,2.0,0.0,0
1756460150,52,0.0,0.0,0.0,1.0,0.0,0.0,0.0,0.0,2.0,0.1,0
1756460150,53,0.0,0.0,0.0,1.0,0.0,0.0,0.0,0.0,2.0,0.1,0
1756460150,54,0.0,0.0,0.0,1.0,0.0,0.0,0.0,0.0,2.0,0.2,0
1756460150,55,0.0,0.0,0.0,1.0,0.0,0.0,0.0,0.0,2.0,0.15,0
1756460150,56,0.0,0.0,0.0,1.0,0.0,0.0,0.0,0.0,1.0,0.05,0
1756460150,57,0.0,0.0,0.0,1.0,0.0,0.0,0.0,0.0,2.0,0.2,0
1756460150,58,0.0,0.0,0.0,1.0,0.0,0.0,0.0,0.0,3.0,0.02,0
1756460150,59,0.0,0.0,0.0,1.0,0.0,0.0,0.0,0.0,3.0,0.0,0
1756460150,60,0.0,0.0,0.0,1.0,0.0,0.0,0.0,0.0,2.0,0.1,0
1756460150,61,0.0,0.0,0.0,1.0,0.0,0.0,0.0,0.0,2.0,0.2,0
1756460150,62,0.0,0.0,0.0,1.0,0.0,0.0,0.0,0.0,2.0,0.0,0
1756460150,63,0.0,0.0,0.0,1.0,0.0,0.0,0.0,0.0,2.0,0.05,0
1756460150,64,0.0,0.0,0.0,1.0,0.0,0.0,0.0,0.0,1.0,0.0,0
1756460150,65,0.0,0.0,0.0,1.0,0.0,0.0,0.0,0.0,3.0,0.05,0
1756460150,66,0.0,0.0,0.0,1.0,0.0,0.0,0.0,0.0,1.0,0.05,0
1756460150,67,0.0,0.0,0.0,1.0,0.0,0.0,0.0,0.0,1.0,0.0,0
1756460150,68,0.0,0.0,0.0,1.0,0.0,0.0,0.0,0.0,1.0,0.23,0
1756460150,69,0.0,0.0,0.0,1.0,0.0,0.0,0.0,0.0,1.0,0.05,0
1756460150,70,0.0,0.0,0.0,1.0,0.0,0.0,0.0,0.0,3.0,0.0,0
1756460150,71,0.0,0.0,0.0,1.0,0.0,0.0,0.0,0.0,0.0,0.05,0
1756460150,72,0.0,0.0,0.0,1.0,0.0,0.0,0.0,0.0,1.0,0.02,0
1756460150,73,0.0,0.0,0.0,1.0,0.0,0.0,0.0,0.0,1.0,0.1,0
1756460150,74,0.0,0.0,0.0,1.0,0.0,0.0,0.0,0.0,2.0,0.1,0
1756460150,75,0.0,0.0,0.0,1.0,0.0,0.0,0.0,0.0,0.0,0.0,0
1756460150,76,0.0,0.0,0.0,1.0,0.0,0.0,0.0,0.0,2.0,0.05,0
1756460150,77,0.0,0.0,0.0,1.0,0.0,0.0,0.0,0.0,3.0,0.12,0
1756460150,78,0.0,0.0,0.0,1.0,0.0,0.0,0.0,0.0,1.0,0.15,0
1756460150,79,0.0,0.0,0.0,1.0,0.0,0.0,0.0,0.0,3.0,0.1,0
1756460150,80,0.0,0.0,0.0,1.0,0.0,0.0,0.0,0.0,2.0,0.23,0
1756460150,81,0.0,0.0,0.0,1.0,0.0,0.0,0.0,0.0,2.0,0.02,0
1756460150,82,0.0,0.0,0.0,1.0,0.0,0.0,0.0,0.0,1.0,0.0,0
1756460150,83,0.0,0.0,0.0,1.0,0.0,0.0,0.0,0.0,0.0,0.0,0
1756460150,84,0.0,0.0,0.0,1.0,0.0,0.0,0.0,0.0,5.0,0.05,0
1756460150,85,0.0,0.0,0.0,1.0,0.0,0.0,0.0,0.0,2.0,0.05,0
1756460150,86,0.0,0.0,0.0,1.0,0.0,0.0,0.0,0.0,0.0,0.0,0
1756460150,87,0.0,0.0,0.0,1.0,0.0,0.0,0.0,0.0,1.0,0.02,0
1756460150,88,0.0,0.0,0.0,1.0,0.0,0.0,0.0,0.0,2.0,0.02,0
1756460150,89,0.0,0.0,0.0,1.0,0.0,0.0,0.0,0.0,2.0,0.12,0
1756460150,90,0.0,0.0,0.0,1.0,0.0,0.0,0.0,0.0,1.0,0.1,0
1756460150,91,0.0,0.0,0.0,1.0,0.0,0.0,0.0,0.0,1.0,0.1,0
1756460150,92,0.0,0.0,0.0,1.0,0.0,0.0,0.0,0.0,4.0,0.15,0
1756460150,93,0.0,0.0,0.0,1.0,0.0,0.0,0.0,0.0,5.0,0.2,0
1756460150,94,0.0,0.0,0.0,1.0,0.0,0.0,0.0,0.0,1.0,0.12,0
1756460150,95,0.0,0.0,0.0,1.0,0.0,0.0,0.0,0.0,5.0,0.15,0
1756460150,96,0.0,0.0,0.0,1.0,0.0,0.0,0.0,0.0,1.0,0.12,0
1756460150,97,0.0,0.0,0.0,1.0,0.0,0.0,0.0,0.0,0.0,0.1,0
1756460150,98,0.0,0.0,0.0,1.0,0.0,0.0,0.0,0.0,2.0,0.0,0
1756460150,99,0.0,0.0,0.0,1.0,0.0,0.0,0.0,0.0,3.0,0.23,0
1756460150,100,0.0,0.0,0.0,1.0,0.0,0.0,0.0,0.0,3.0,0.02,0
1756460150,101,0.0,0.0,0.0,1.0,0.0,0.0,0.0,0.0,2.0,0.25,0
1756460150,102,0.0,0.0,0.0,1.0,0.0,0.0,0.0,0.0,1.0,0.0,0
1756460150,103,0.0,0.0,0.0,1.0,0.0,0.0,0.0,0.0,1.0,0.1,0
1756460150,104,0.0,0.0,0.0,1.0,0.0,0.0,0.0,0.0,0.0,0.1,0
1756460150,105,0.0,0.0,0.0,1.0,0.0,0.0,0.0,0.0,2.0,0.15,0
1756460151,106,0.0,0.0,0.0,1.0,0.0,0.0,0.0,0.0,2.0,0.05,0
1756460151,107,0.0,0.0,0.0,1.0,0.0,0.0,0.0,0.0,1.0,0.1,0
1756460151,108,0.0,0.0,0.0,1.0,0.0,0.0,0.0,0.0,1.0,0.0,0
1756460151,109,0.0,0.0,0.0,1.0,0.0,0.0,0.0,0.0,1.0,0.3,0
1756460151,110,0.0,0.0,0.0,1.0,0.0,0.0,0.0,0.0,1.0,0.1,0
1756460151,111,0.0,0.0,0.0,1.0,0.0,0.0,0.0,0.0,1.0,0.0,0
1756460151,112,0.0,0.0,0.0,1.0,0.0,0.0,0.0,0.0,2.0,0.05,0
1756460151,113,0.0,0.0,0.0,1.0,0.0,0.0,0.0,0.0,1.0,0.0,0
1756460151,114,0.0,0.0,0.0,1.0,0.0,0.0,0.0,0.0,2.0,0.05,0
1756460151,115,0.0,0.0,0.0,1.0,0.0,0.0,0.0,0.0,1.0,0.1,0
1756460151,116,0.0,0.0,0.0,1.0,0.0,0.0,0.0,0.0,5.0,0.05,0
1756460151,117,0.0,0.0,0.0,1.0,0.0,0.0,0.0,0.0,2.0,0.15,0
1756460151,118,0.0,0.0,0.0,1.0,0.0,0.0,0.0,0.0,3.0,0.05,0
1756460151,119,0.0,0.0,0.0,1.0,0.0,0.0,0.0,0.0,1.0,0.3,0
1756460151,120,0.0,0.0,0.0,1.0,0.0,0.0,0.0,0.0,0.0,0.05,0
1756460151,121,0.0,0.0,0.0,1.0,0.0,0.0,0.0,0.0,3.0,0.15,0
1756460151,122,0.0,0.0,0.0,1.0,0.0,0.0,0.0,0.0,2.0,0.12,0
1756460151,123,0.0,0.0,0.0,1.0,0.0,0.0,0.0,0.0,2.0,0.1,0
1756460151,124,0.0,0.0,0.0,1.0,0.0,0.0,0.0,0.0,1.0,0.05,0
1756460151,125,0.0,0.0,0.0,1.0,0.0,0.0,0.0,0.0,0.0,0.0,0
1756460151,126,0.0,0.0,0.0,1.0,0.0,0.0,0.0,0.0,6.0,0.1,0
1756460151,127,0.0,0.0,0.0,1.0,0.0,0.0,0.0,0.0,2.0,0.12,0
1756460151,128,0.0,0.0,0.0,1.0,0.0,0.0,0.0,0.0,1.0,0.05,0
1756460151,129,0.0,0.0,0.0,0.0,0.0,0.0,0.0,0.0,3.0,0.0,0
1756460151,130,0.0,0.0,0.0,0.0,0.0,0.0,0.0,0.0,1.0,0.02,0
1756460151,131,0.0,0.0,0.0,0.0,0.0,0.0,0.0,0.0,1.0,0.0,0
1756460151,132,0.0,0.0,0.0,0.0,0.0,0.0,0.0,0.0,2.0,0.02,0
1756460151,133,0.0,0.0,0.0,0.0,0.0,0.0,0.0,0.0,3.0,0.23,0
1756460151,134,0.0,0.0,0.0,0.0,0.0,0.0,0.0,0.0,1.0,0.0,0
1756460151,135,0.0,0.0,0.0,0.0,0.0,0.0,0.0,0.0,2.0,0.23,0
1756460151,136,0.0,0.0,0.0,0.0,0.0,0.0,0.0,0.0,2.0,0.12,0
1756460151,137,0.0,0.0,0.0,0.0,0.0,0.0,0.0,0.0,0.0,0.0,0
1756460151,138,0.0,0.0,0.0,0.0,0.0,0.0,0.0,0.0,5.0,0.1,0
1756460151,139,0.0,0.0,0.0,0.0,0.0,0.0,0.0,0.0,2.0,0.2,0
1756460151,140,0.0,0.0,0.0,0.0,0.0,0.0,0.0,0.0,3.0,0.02,0
1756460151,141,0.0,0.0,0.0,0.0,0.0,0.0,0.0,0.0,2.0,0.36,0
1756460151,142,0.0,0.0,0.0,0.0,0.0,0.0,0.0,0.0,0.0,0.05,0
1756460151,143,0.0,0.0,0.0,0.0,0.0,0.0,0.0,0.0,2.0,0.1,0
1756460151,144,0.0,0.0,0.0,0.0,0.0,0.0,0.0,0.0,2.0,0.0,0
1756460151,145,0.0,0.0,0.0,0.0,0.0,0.0,0.0,0.0,1.0,0.12,0
1756460151,146,0.0,0.0,0.0,0.0,0.0,0.0,0.0,0.0,0.0,0.05,0
1756460151,147,0.0,0.0,0.0,0.0,0.0,0.0,0.0,0.0,1.0,0.15,0
1756460151,148,0.0,0.0,0.0,0.0,0.0,0.0,0.0,0.0,0.0,0.0,0
1756460151,149,0.0,0.0,0.0,0.0,0.0,0.0,0.0,0.0,1.0,0.02,0
1756460151,150,0.0,0.0,0.0,0.0,0.0,0.0,0.0,0.0,2.0,0.1,0
1756460151,151,0.0,0.0,0.0,0.0,0.0,0.0,0.0,0.0,2.0,0.15,0
1756460151,152,0.0,0.0,0.0,0.0,0.0,0.0,0.0,0.0,2.0,0.1,0
1756460151,153,0.0,0.0,0.0,0.0,0.0,0.0,0.0,0.0,1.0,0.02,0
1756460151,154,0.0,0.0,0.0,0.0,0.0,0.0,0.0,0.0,7.0,0.0,0
1756460151,155,0.0,0.0,0.0,0.0,0.0,0.0,0.0,0.0,0.0,0.05,0
1756460151,156,0.0,0.0,0.0,0.0,0.0,0.0,0.0,0.0,4.0,0.2,0
1756460151,157,0.0,0.0,0.0,0.0,0.0,0.0,0.0,0.0,1.0,0.02,0
1756460151,158,0.0,0.0,0.0,0.0,0.0,0.0,0.0,0.0,2.0,0.1,0
1756460151,159,0.0,0.0,0.0,0.0,0.0,0.0,0.0,0.0,2.0,0.23,0
1756460151,160,0.0,0.0,0.0,0.0,0.0,0.0,0.0,0.0,0.0,0.0,0
1756460151,161,0.0,0.0,0.0,0.0,0.0,0.0,0.0,0.0,0.0,0.0,0
1756460151,162,0.0,0.0,0.0,0.0,0.0,0.0,0.0,0.0,3.0,0.12,0
1756460151,163,0.0,0.0,0.0,0.0,0.0,0.0,0.0,0.0,0.0,0.05,0
1756460151,164,0.0,0.0,0.0,0.0,0.0,0.0,0.0,0.0,3.0,0.0,0
1756460151,165,0.0,0.0,0.0,0.0,0.0,0.0,0.0,0.0,1.0,0.12,0
1756460151,166,0.0,0.0,0.0,0.0,0.0,0.0,0.0,0.0,4.0,0.05,0
1756460151,167,0.0,0.0,0.0,0.0,0.0,0.0,0.0,0.0,4.0,0.05,0
1756460151,168,0.0,0.0,0.0,0.0,0.0,0.0,0.0,0.0,3.0,0.02,0
1756460151,169,0.0,0.0,0.0,0.0,0.0,0.0,0.0,0.0,3.0,0.0,0
1756460151,170,0.0,0.0,0.0,0.0,0.0,0.0,0.0,0.0,3.0,0.0,0
1756460151,171,0.0,0.0,0.0,0.0,0.0,0.0,0.0,0.0,2.0,0.05,0
1756460151,172,0.0,0.0,0.0,0.0,0.0,0.0,0.0,0.0,1.0,0.12,0
1756460151,173,0.0,0.0,0.0,0.0,0.0,0.0,0.0,0.0,3.0,0.1,0
1756460151,174,0.0,0.0,0.0,0.0,0.0,0.0,0.0,0.0,2.0,0.0,0
1756460152,175,0.0,0.0,0.0,0.0,0.0,0.0,0.0,0.0,0.0,0.02,0
1756460152,176,0.0,0.0,0.0,0.0,0.0,0.0,0.0,0.0,1.0,0.1,0
1756460152,177,0.0,0.0,0.0,0.0,0.0,0.0,0.0,0.0,3.0,0.05,0
1756460152,178,0.0,0.0,0.0,0.0,0.0,0.0,0.0,0.0,4.0,0.0,0
1756460152,179,0.0,0.0,0.0,0.0,0.0,0.0,0.0,0.0,3.0,0.12,0
1756460152,180,0.0,0.0,0.0,0.0,0.0,0.0,0.0,0.0,4.0,0.23,0
1756460152,181,0.0,0.0,0.0,0.0,0.0,0.0,0.0,0.0,2.0,0.0,0
1756460152,182,0.0,0.0,0.0,0.0,0.0,0.0,0.0,0.0,1.0,0.15,0
1756460152,183,0.0,0.0,0.0,0.0,0.0,0.0,0.0,0.0,0.0,0.1,0
1756460152,184,0.0,0.0,0.0,0.0,0.0,0.0,0.0,0.0,0.0,0.05,0
1756460152,185,0.0,0.0,0.0,0.0,0.0,0.0,0.0,0.0,0.0,0.05,0
1756460152,186,0.0,0.0,0.0,0.0,0.0,0.0,0.0,0.0,1.0,0.1,0
1756460152,187,0.0,0.0,0.0,0.0,0.0,0.0,0.0,0.0,2.0,0.0,0
1756460152,188,0.0,0.0,0.0,0.0,0.0,0.0,0.0,0.0,0.0,0.0,0
1756460152,189,0.0,0.0,0.0,0.0,0.0,0.0,0.0,0.0,2.0,0.0,0
1756460152,190,0.0,0.0,0.0,0.0,0.0,0.0,0.0,0.0,0.0,0.0,0
1756460152,191,0.0,0.0,0.0,0.0,0.0,0.0,0.0,0.0,2.0,0.05,0
1756460152,192,0.0,0.0,0.0,0.0,0.0,0.0,0.0,0.0,1.0,0.0,0
1756460152,193,0.0,0.0,0.0,0.0,0.0,0.0,0.0,0.0,2.0,0.05,0
1756460152,194,0.0,0.0,0.0,0.0,0.0,0.0,0.0,0.0,0.0,0.02,0
1756460152,195,0.0,0.0,0.0,0.0,0.0,0.0,0.0,0.0,0.0,0.0,0
1756460152,196,0.0,0.0,0.0,0.0,0.0,0.0,0.0,0.0,1.0,0.1,0
1756460152,197,0.0,0.0,0.0,0.0,0.0,0.0,0.0,0.0,3.0,0.05,0
1756460152,198,0.0,0.0,0.0,0.0,0.0,0.0,0.0,0.0,3.0,0.0,0
1756460152,199,0.0,0.0,0.0,0.0,0.0,0.0,0.0,0.0,0.0,0.1,0
1756460152,200,0.0,0.0,0.0,0.0,0.0,0.0,0.0,0.0,3.0,0.05,0
1756460152,201,0.0,0.0,0.0,0.0,0.0,0.0,0.0,0.0,1.0,0.05,0
1756460152,202,0.0,0.0,0.0,0.0,0.0,0.0,0.0,0.0,0.0,0.05,0
1756460152,203,0.0,0.0,0.0,0.0,0.0,0.0,0.0,0.0,0.0,0.0,0
1756460152,204,0.0,0.0,0.0,0.0,0.0,0.0,0.0,0.0,2.0,0.05,0
1756460152,205,0.0,0.0,0.0,0.0,0.0,0.0,0.0,0.0,4.0,0.05,0
1756460152,206,0.0,0.0,0.0,0.0,0.0,0.0,0.0,0.0,1.0,0.0,0
1756460152,207,0.0,0.0,0.0,0.0,0.0,0.0,0.0,0.0,3.0,0.1,0
1756460152,208,0.0,0.0,0.0,0.0,0.0,0.0,0.0,0.0,0.0,0.05,0
1756460152,209,0.0,0.0,0.0,0.0,0.0,0.0,0.0,0.0,3.0,0.1,0
1756460152,210,0.0,0.0,0.0,0.0,0.0,0.0,0.0,0.0,0.0,0.02,0
1756460152,211,0.0,0.0,0.0,0.0,0.0,0.0,0.0,0.0,0.0,0.0,0
1756460152,212,0.0,0.0,0.0,0.0,0.0,0.0,0.0,0.0,2.0,0.15,0
1756460152,213,0.0,0.0,0.0,0.0,0.0,0.0,0.0,0.0,3.0,0.1,0
1756460152,214,0.0,0.0,0.0,0.0,0.0,0.0,0.0,0.0,5.0,0.02,0
1756460152,215,0.0,0.0,0.0,0.0,0.0,0.0,0.0,0.0,2.0,0.25,0
1756460152,216,0.0,0.0,0.0,0.0,0.0,0.0,0.0,0.0,2.0,0.05,0
1756460152,217,0.0,0.0,0.0,0.0,0.0,0.0,0.0,0.0,2.0,0.12,0
1756460152,218,0.0,0.0,0.0,0.0,0.0,0.0,0.0,0.0,1.0,0.1,0
1756460152,219,0.0,0.0,0.0,0.0,0.0,0.0,0.0,0.0,2.0,0.1,0
1756460152,220,0.0,0.0,0.0,0.0,0.0,0.0,0.0,0.0,3.0,0.05,0
1756460152,221,0.0,0.0,0.0,0.0,0.0,0.0,0.0,0.0,2.0,0.12,0
1756460152,222,0.0,0.0,0.0,0.0,0.0,0.0,0.0,0.0,2.0,0.1,0
1756460152,223,0.0,0.0,0.0,0.0,0.0,0.0,0.0,0.0,3.0,0.1,0
1756460152,224,0.0,0.0,0.0,0.0,0.0,0.0,0.0,0.0,3.0,0.05,0
1756460152,225,0.0,0.0,0.0,0.0,0.0,0.0,0.0,0.0,2.0,0.1,0
1756460152,226,0.0,0.0,0.0,0.0,0.0,0.0,0.0,0.0,1.0,0.1,0
1756460152,227,0.0,0.0,0.0,0.0,0.0,0.0,0.0,0.0,1.0,0.0,0
1756460152,228,0.0,0.0,0.0,0.0,0.0,0.0,0.0,0.0,1.0,0.15,0
1756460152,229,0.0,0.0,0.0,0.0,0.0,0.0,0.0,0.0,2.0,0.05,0
1756460152,230,0.0,0.0,0.0,0.0,0.0,0.0,0.0,0.0,2.0,0.05,0
1756460152,231,0.0,0.0,0.0,0.0,0.0,0.0,0.0,0.0,2.0,0.05,0
1756460152,232,0.0,0.0,0.0,0.0,0.0,0.0,0.0,0.0,2.0,0.05,0
1756460153,233,0.0,0.0,0.0,0.0,0.0,0.0,0.0,0.0,1.0,0.0,0
1756460153,234,0.0,0.0,0.0,0.0,0.0,0.0,0.0,0.0,2.0,0.33,0
1756460153,235,0.0,0.0,0.0,0.0,0.0,0.0,0.0,0.0,2.0,0.05,0
1756460153,236,0.0,0.0,0.0,0.0,0.0,0.0,0.0,0.0,0.0,0.12,0
1756460153,237,0.0,0.0,0.0,0.0,0.0,0.0,0.0,0.0,3.0,0.23,0
1756460153,238,0.0,0.0,0.0,0.0,0.0,0.0,0.0,0.0,2.0,0.1,0
1756460153,239,0.0,0.0,0.0,0.0,0.0,0.0,0.0,0.0,4.0,0.05,0
1756460153,240,0.0,0.0,0.0,0.0,0.0,0.0,0.0,0.0,2.0,0.15,0
1756460153,241,0.0,0.0,0.0,0.0,0.0,0.0,0.0,0.0,2.0,0.1,0
1756460153,242,0.0,0.0,0.0,0.0,0.0,0.0,0.0,0.0,2.0,0.1,0
1756460153,243,0.0,0.0,0.0,0.0,0.0,0.0,0.0,0.0,0.0,0.0,0
1756460153,244,0.0,0.0,0.0,0.0,0.0,0.0,0.0,0.0,2.0,0.05,0
1756460153,245,0.0,0.0,0.0,0.0,0.0,0.0,0.0,0.0,1.0,0.05,0
1756460153,246,0.0,0.0,0.0,0.0,0.0,0.0,0.0,0.0,0.0,0.1,0
1756460153,247,0.0,0.0,0.0,0.0,0.0,0.0,0.0,0.0,2.0,0.05,0
1756460153,248,0.0,0.0,0.0,0.0,0.0,0.0,0.0,0.0,2.0,0.05,0
1756460153,249,0.0,0.0,0.0,0.0,0.0,0.0,0.0,0.0,1.0,0.05,0
1756460153,250,0.0,0.0,0.0,0.0,0.0,0.0,0.0,0.0,4.0,0.05,0
1756460153,251,0.0,0.0,0.0,0.0,0.0,0.0,0.0,0.0,1.0,0.05,0
1756460153,252,0.0,0.0,0.0,0.0,0.0,0.0,0.0,0.0,1.0,0.05,0
1756460153,253,0.0,0.0,0.0,1.0,0.0,0.0,0.0,0.0,3.0,0.1,0
1756460153,254,0.0,0.0,0.0,1.0,0.0,0.0,0.0,0.0,2.0,0.1,0
1756460153,255,0.0,0.0,0.0,1.0,0.0,0.0,0.0,0.0,0.0,0.0,0
1756460153,256,0.0,0.0,0.0,1.0,0.0,0.0,0.0,0.0,1.0,0.12,0
1756460153,257,0.0,0.0,0.0,1.0,0.0,0.0,0.0,0.0,1.0,0.05,0
1756460153,258,0.0,0.0,0.0,1.0,0.0,0.0,0.0,0.0,3.0,0.05,0
1756460153,259,0.0,0.0,0.0,1.0,0.0,0.0,0.0,0.0,0.0,0.05,0
1756460153,260,0.0,0.0,0.0,1.0,0.0,0.0,0.0,0.0,3.0,0.05,0
1756460153,261,0.0,0.0,0.0,1.0,0.0,0.0,0.0,0.0,0.0,0.1,0
1756460153,262,0.0,0.0,0.0,1.0,0.0,0.0,0.0,0.0,0.0,0.05,0
1756460153,263,0.0,0.0,0.0,1.0,0.0,0.0,0.0,0.0,0.0,0.0,0
1756460153,264,0.0,0.0,0.0,1.0,0.0,0.0,0.0,0.0,1.0,0.1,0
1756460153,265,0.0,0.0,0.0,1.0,0.0,0.0,0.0,0.0,1.0,0.05,0
1756460153,266,0.0,0.0,0.0,1.0,0.0,0.0,0.0,0.0,2.0,0.0,0
1756460153,267,0.0,0.0,0.0,1.0,0.0,0.0,0.0,0.0,0.0,0.15,0
1756460153,268,0.0,0.0,0.0,1.0,0.0,0.0,0.0,0.0,1.0,0.02,0
1756460153,269,0.0,0.0,0.0,1.0,0.0,0.0,0.0,0.0,2.0,0.1,0
1756460153,270,0.0,0.0,0.0,1.0,0.0,0.0,0.0,0.0,0.0,0.2,0
1756460153,271,0.0,0.0,0.0,1.0,0.0,0.0,0.0,0.0,0.0,0.05,0
1756460153,272,0.0,0.0,0.0,1.0,0.0,0.0,0.0,0.0,4.0,0.0,0
1756460153,273,0.0,0.0,0.0,1.0,0.0,0.0,0.0,0.0,2.0,0.05,0
1756460153,274,0.0,0.0,0.0,1.0,0.0,0.0,0.0,0.0,7.0,0.02,0
1756460153,275,0.0,0.0,0.0,1.0,0.0,0.0,0.0,0.0,3.0,0.0,0
1756460153,276,0.0,0.0,0.0,1.0,0.0,0.0,0.0,0.0,1.0,0.1,0
1756460153,277,0.0,0.0,0.0,1.0,0.0,0.0,0.0,0.0,3.0,0.05,0
1756460153,278,0.0,0.0,0.0,1.0,0.0,0.0,0.0,0.0,6.0,0.1,0
1756460153,279,0.0,0.0,0.0,1.0,0.0,0.0,0.0,0.0,6.0,0.1,0
1756460153,280,0.0,0.0,0.0,1.0,0.0,0.0,0.0,0.0,2.0,0.02,0
1756460153,281,0.0,0.0,0.0,1.0,0.0,0.0,0.0,0.0,2.0,0.05,0
1756460153,282,0.0,0.0,0.0,1.0,0.0,0.0,0.0,0.0,4.0,0.05,0
1756460153,283,0.0,0.0,0.0,1.0,0.0,0.0,0.0,0.0,0.0,0.1,0
1756460153,284,0.0,0.0,0.0,1.0,0.0,0.0,0.0,0.0,0.0,0.02,0
1756460153,285,0.0,0.0,0.0,1.0,0.0,0.0,0.0,0.0,2.0,0.02,0
1756460153,286,0.0,0.0,0.0,1.0,0.0,0.0,0.0,0.0,1.0,0.15,0
1756460153,287,0.0,0.0,0.0,1.0,0.0,0.0,0.0,0.0,3.0,0.1,0
1756460153,288,0.0,0.0,0.0,1.0,0.0,0.0,0.0,0.0,1.0,0.05,0
1756460153,289,0.0,0.0,0.0,1.0,0.0,0.0,0.0,0.0,0.0,0.3,0
1756460153,290,0.0,0.0,0.0,1.0,0.0,0.0,0.0,0.0,2.0,0.1,0
1756460153,291,0.0,0.0,0.0,1.0,0.0,0.0,0.0,0.0,2.0,0.05,0
1756460153,292,0.0,0.0,0.0,1.0,0.0,0.0,0.0,0.0,0.0,0.0,0
1756460153,293,0.0,0.0,0.0,1.0,0.0,0.0,0.0,0.0,0.0,0.0,0
1756460153,294,0.0,0.0,0.0,1.0,0.0,0.0,0.0,0.0,0.0,0.02,0
1756460154,295,0.0,0.0,0.0,1.0,0.0,0.0,0.0,0.0,6.0,0.02,0
1756460154,296,0.0,0.0,0.0,1.0,0.0,0.0,0.0,0.0,2.0,0.02,0
1756460154,297,0.0,0.0,0.0,1.0,0.0,0.0,0.0,0.0,2.0,0.1,0
1756460154,298,0.0,0.0,0.0,1.0,0.0,0.0,0.0,0.0,0.0,0.0,0
1756460154,299,0.0,0.0,0.0,1.0,0.0,0.0,0.0,0.0,2.0,0.12,0
1756460154,300,0.0,0.0,0.0,1.0,0.0,0.0,0.0,0.0,2.0,0.02,0
1756460154,301,0.0,0.0,0.0,1.0,0.0,0.0,0.0,0.0,3.0,0.02,0
1756460154,302,0.0,0.0,0.0,1.0,0.0,0.0,0.0,0.0,2.0,0.23,0
1756460154,303,0.0,0.0,0.0,1.0,0.0,0.0,0.0,0.0,1.0,0.05,0
1756460154,304,0.0,0.0,0.0,1.0,0.0,0.0,0.0,0.0,2.0,0.15,0
1756460154,305,0.0,0.0,0.0,1.0,0.0,0.0,0.0,0.0,2.0,0.1,0
1756460154,306,0.0,0.0,0.0,1.0,0.0,0.0,0.0,0.0,2.0,0.15,0
1756460154,307,0.0,0.0,0.0,1.0,0.0,0.0,0.0,0.0,7.0,0.05,0
1756460154,308,0.0,0.0,0.0,1.0,0.0,0.0,0.0,0.0,0.0,0.0,0
1756460154,309,0.0,0.0,0.0,1.0,0.0,0.0,0.0,0.0,5.0,0.05,0
1756460154,310,0.0,0.0,0.0,1.0,0.0,0.0,0.0,0.0,0.0,0.1,0
1756460154,311,0.0,0.0,0.0,1.0,0.0,0.0,0.0,0.0,2.0,0.12,0
1756460154,312,0.0,0.0,0.0,1.0,0.0,0.0,0.0,0.0,0.0,0.15,0
1756460154,313,0.0,0.0,0.0,1.0,0.0,0.0,0.0,0.0,0.0,0.05,0
1756460154,314,0.0,0.0,0.0,1.0,0.0,0.0,0.0,0.0,0.0,0.0,0
1756460154,315,0.0,0.0,0.0,1.0,0.0,0.0,0.0,0.0,1.0,0.1,0
1756460154,316,0.0,0.0,0.0,1.0,0.0,0.0,0.0,0.0,2.0,0.0,0
1756460154,317,0.0,0.0,0.0,1.0,0.0,0.0,0.0,0.0,1.0,0.0,0
1756460154,318,0.0,0.0,0.0,1.0,0.0,0.0,0.0,0.0,0.0,0.0,0
1756460154,319,0.0,0.0,0.0,1.0,0.0,0.0,0.0,0.0,2.0,0.05,0
1756460154,320,0.0,0.0,0.0,1.0,0.0,0.0,0.0,0.0,3.0,0.1,0
1756460154,321,0.0,0.0,0.0,1.0,0.0,0.0,0.0,0.0,0.0,0.0,0
1756460154,322,0.0,0.0,0.0,1.0,0.0,0.0,0.0,0.0,4.0,0.2,0
1756460154,323,0.0,0.0,0.0,1.0,0.0,0.0,0.0,0.0,2.0,0.0,0
1756460154,324,0.0,0.0,0.0,1.0,0.0,0.0,0.0,0.0,0.0,0.12,0
1756460154,325,0.0,0.0,0.0,1.0,0.0,0.0,0.0,0.0,2.0,0.02,0
1756460154,326,0.0,0.0,0.0,1.0,0.0,0.0,0.0,0.0,0.0,0.0,0
1756460154,327,0.0,0.0,0.0,1.0,0.0,0.0,0.0,0.0,2.0,0.1,0
1756460154,328,0.0,0.0,0.0,1.0,0.0,0.0,0.0,0.0,3.0,0.05,0
1756460154,329,0.0,0.0,0.0,1.0,0.0,0.0,0.0,0.0,3.0,0.15,0
1756460154,330,0.0,0.0,0.0,1.0,0.0,0.0,0.0,0.0,2.0,0.02,0
1756460154,331,0.0,0.0,0.0,1.0,0.0,0.0,0.0,0.0,2.0,0.0,0
1756460154,332,0.0,0.0,0.0,1.0,0.0,0.0,0.0,0.0,2.0,0.02,0
1756460154,333,0.0,0.0,0.0,1.0,0.0,0.0,0.0,0.0,0.0,0.0,0
1756460154,334,0.0,0.0,0.0,1.0,0.0,0.0,0.0,0.0,1.0,0.0,0
1756460154,335,0.0,0.0,0.0,1.0,0.0,0.0,0.0,0.0,2.0,0.05,0
1756460154,336,0.0,0.0,0.0,1.0,0.0,0.0,0.0,0.0,2.0,0.1,0
1756460154,337,0.0,0.0,0.0,1.0,0.0,0.0,0.0,0.0,0.0,0.1,0
1756460154,338,0.0,0.0,0.0,1.0,0.0,0.0,0.0,0.0,1.0,0.05,0
1756460154,339,0.0,0.0,0.0,1.0,0.0,0.0,0.0,0.0,1.0,0.0,0
1756460154,340,0.0,0.0,0.0,1.0,0.0,0.0,0.0,0.0,0.0,0.2,0
1756460154,341,0.0,0.0,0.0,1.0,0.0,0.0,0.0,0.0,4.0,0.23,0
1756460154,342,0.0,0.0,0.0,1.0,0.0,0.0,0.0,0.0,0.0,0.0,0
1756460154,343,0.0,0.0,0.0,1.0,0.0,0.0,0.0,0.0,2.0,0.05,0
1756460154,344,0.0,0.0,0.0,1.0,0.0,0.0,0.0,0.0,1.0,0.0,0
1756460154,345,0.0,0.0,0.0,1.0,0.0,0.0,0.0,0.0,3.0,0.15,0
1756460154,346,0.0,0.0,0.0,1.0,0.0,0.0,0.0,0.0,3.0,0.12,0
1756460154,347,0.0,0.0,0.0,1.0,0.0,0.0,0.0,0.0,2.0,0.1,0
1756460154,348,0.0,0.0,0.0,1.0,0.0,0.0,0.0,0.0,2.0,0.05,0
1756460154,349,0.0,0.0,0.0,1.0,0.0,0.0,0.0,0.0,1.0,0.05,0
1756460154,350,0.0,0.0,0.0,1.0,0.0,0.0,0.0,0.0,4.0,0.0,0
1756460154,351,0.0,0.0,0.0,1.0,0.0,0.0,0.0,0.0,3.0,0.15,0
1756460154,352,0.0,0.0,0.0,1.0,0.0,0.0,0.0,0.0,1.0,0.0,0
1756460154,353,0.0,0.0,0.0,1.0,0.0,0.0,0.0,0.0,0.0,0.0,0
1756460154,354,0.0,0.0,0.0,1.0,0.0,0.0,0.0,0.0,2.0,0.36,0
1756460154,355,0.0,0.0,0.0,1.0,0.0,0.0,0.0,0.0,0.0,0.0,0
1756460154,356,0.0,0.0,0.0,1.0,0.0,0.0,0.0,0.0,6.0,0.02,0
1756460154,357,0.0,0.0,0.0,1.0,0.0,0.0,0.0,0.0,1.0,0.02,0
1756460154,358,0.0,0.0,0.0,1.0,0.0,0.0,0.0,0.0,2.0,0.0,0
1756460154,359,0.0,0.0,0.0,1.0,0.0,0.0,0.0,0.0,2.0,0.0,0
1756460155,360,0.0,0.0,0.0,1.0,0.0,0.0,0.0,0.0,0.0,0.1,0
1756460155,361,0.0,0.0,0.0,1.0,0.0,0.0,0.0,0.0,3.0,0.0,0
1756460155,362,0.0,0.0,0.0,1.0,0.0,0.0,0.0,0.0,2.0,0.02,0
1756460155,363,0.0,0.0,0.0,1.0,0.0,0.0,0.0,0.0,1.0,0.02,0
1756460155,364,0.0,0.0,0.0,1.0,0.0,0.0,0.0,0.0,0.0,0.05,0
1756460155,365,0.0,0.0,0.0,1.0,0.0,0.0,0.0,0.0,0.0,0.02,0
1756460155,366,0.0,0.0,0.0,1.0,0.0,0.0,0.0,0.0,2.0,0.05,0
1756460155,367,0.0,0.0,0.0,1.0,0.0,0.0,0.0,0.0,4.0,0.02,0
1756460155,368,0.0,0.0,0.0,1.0,0.0,0.0,0.0,0.0,1.0,0.12,0
1756460155,369,0.0,0.0,0.0,1.0,0.0,0.0,0.0,0.0,0.0,0.05,0
1756460155,370,0.0,0.0,0.0,1.0,0.0,0.0,0.0,0.0,4.0,0.2,0
1756460155,371,0.0,0.0,0.0,1.0,0.0,0.0,0.0,0.0,0.0,0.02,0
1756460155,372,0.0,0.0,0.0,1.0,0.0,0.0,0.0,0.0,2.0,0.05,0
1756460155,373,0.0,0.0,0.0,1.0,0.0,0.0,0.0,0.0,0.0,0.12,0
1756460155,374,0.0,0.0,0.0,1.0,0.0,0.0,0.0,0.0,1.0,0.0,0
1756460155,375,0.0,0.0,0.0,1.0,0.0,0.0,0.0,0.0,0.0,0.05,0
1756460155,376,0.0,0.0,0.0,1.0,0.0,0.0,0.0,0.0,2.0,0.0,0
1756460155,377,0.0,0.0,0.0,1.0,0.0,0.0,0.0,0.0,0.0,0.0,0
1756460155,378,0.0,0.0,0.0,1.0,0.0,0.0,0.0,0.0,2.0,0.05,0
1756460155,379,0.0,0.0,0.0,1.0,0.0,0.0,0.0,0.0,3.0,0.0,0
1756460155,380,0.0,0.0,0.0,1.0,0.0,0.0,0.0,0.0,2.0,0.05,0
1756460155,381,0.0,0.0,0.0,0.0,0.0,0.0,0.0,0.0,3.0,0.15,0
1756460155,382,0.0,0.0,0.0,0.0,0.0,0.0,0.0,0.0,1.0,0.15,0
1756460155,383,0.0,0.0,0.0,0.0,0.0,0.0,0.0,0.0,0.0,0.46,0
1756460155,384,0.0,0.0,0.0,0.0,0.0,0.0,0.0,0.0,0.0,0.0,0
1756460155,385,0.0,0.0,0.0,0.0,0.0,0.0,0.0,0.0,3.0,0.23,0
1756460155,386,0.0,0.0,0.0,0.0,0.0,0.0,0.0,0.0,5.0,0.15,0
1756460155,387,0.0,0.0,0.0,0.0,0.0,0.0,0.0,0.0,2.0,0.05,0
1756460155,388,0.0,0.0,0.0,0.0,0.0,0.0,0.0,0.0,2.0,0.6,0
1756460155,389,0.0,0.0,0.0,0.0,0.0,0.0,0.0,0.0,2.0,0.12,0
1756460155,390,0.0,0.0,0.0,0.0,0.0,0.0,0.0,0.0,2.0,0.05,0
1756460155,391,0.0,0.0,0.0,0.0,0.0,0.0,0.0,0.0,2.0,0.2,0
1756460155,392,0.0,0.0,0.0,0.0,0.0,0.0,0.0,0.0,1.0,0.05,0
1756460155,393,0.0,0.0,0.0,0.0,0.0,0.0,0.0,0.0,3.0,0.05,0
1756460155,394,0.0,0.0,0.0,0.0,0.0,0.0,0.0,0.0,4.0,0.05,0
1756460155,395,0.0,0.0,0.0,0.0,0.0,0.0,0.0,0.0,2.0,0.0,0
1756460155,396,0.0,0.0,0.0,0.0,0.0,0.0,0.0,0.0,2.0,0.33,0
1756460155,397,0.0,0.0,0.0,0.0,0.0,0.0,0.0,0.0,2.0,0.25,0
1756460155,398,0.0,0.0,0.0,0.0,0.0,0.0,0.0,0.0,2.0,0.12,0
1756460155,399,0.0,0.0,0.0,0.0,0.0,0.0,0.0,0.0,2.0,0.1,0
1756460155,400,0.0,0.0,0.0,0.0,0.0,0.0,0.0,0.0,1.0,0.0,0
1756460155,401,0.0,0.0,0.0,0.0,0.0,0.0,0.0,0.0,0.0,0.0,0
1756460155,402,0.0,0.0,0.0,0.0,0.0,0.0,0.0,0.0,2.0,0.0,0
1756460155,403,0.0,0.0,0.0,0.0,0.0,0.0,0.0,0.0,2.0,0.1,0
1756460155,404,0.0,0.0,0.0,0.0,0.0,0.0,0.0,0.0,0.0,0.0,0
1756460155,405,0.0,0.0,0.0,0.0,0.0,0.0,0.0,0.0,0.0,0.0,0
1756460155,406,0.0,0.0,0.0,0.0,0.0,0.0,0.0,0.0,3.0,0.02,0
1756460155,407,0.0,0.0,0.0,0.0,0.0,0.0,0.0,0.0,3.0,0.05,0
1756460155,408,0.0,0.0,0.0,0.0,0.0,0.0,0.0,0.0,0.0,0.0,0
1756460155,409,0.0,0.0,0.0,0.0,0.0,0.0,0.0,0.0,3.0,0.12,0
1756460155,410,0.0,0.0,0.0,0.0,0.0,0.0,0.0,0.0,3.0,0.1,0
1756460155,411,0.0,0.0,0.0,0.0,0.0,0.0,0.0,0.0,1.0,0.2,0
1756460155,412,0.0,0.0,0.0,0.0,0.0,0.0,0.0,0.0,2.0,0.1,0
1756460155,413,0.0,0.0,0.0,0.0,0.0,0.0,0.0,0.0,0.0,0.02,0
1756460155,414,0.0,0.0,0.0,0.0,0.0,0.0,0.0,0.0,3.0,0.05,0
1756460155,415,0.0,0.0,0.0,0.0,0.0,0.0,0.0,0.0,5.0,0.12,0
1756460155,416,0.0,0.0,0.0,0.0,0.0,0.0,0.0,0.0,2.0,0.0,0
1756460155,417,0.0,0.0,0.0,0.0,0.0,0.0,0.0,0.0,0.0,0.05,0
1756460155,418,0.0,0.0,0.0,0.0,0.0,0.0,0.0,0.0,2.0,0.05,0
1756460155,419,0.0,0.0,0.0,0.0,0.0,0.0,0.0,0.0,1.0,0.0,0
1756460155,420,0.0,0.0,0.0,0.0,0.0,0.0,0.0,0.0,3.0,0.36,0
1756460156,421,0.0,0.0,0.0,0.0,0.0,0.0,0.0,0.0,2.0,0.05,0
1756460156,422,0.0,0.0,0.0,0.0,0.0,0.0,0.0,0.0,0.0,0.02,0
1756460156,423,0.0,0.0,0.0,0.0,0.0,0.0,0.0,0.0,2.0,0.12,0
1756460156,424,0.0,0.0,0.0,0.0,0.0,0.0,0.0,0.0,3.0,0.05,0
1756460156,425,0.0,0.0,0.0,0.0,0.0,0.0,0.0,0.0,0.0,0.0,0
1756460156,426,0.0,0.0,0.0,0.0,0.0,0.0,0.0,0.0,2.0,0.0,0
1756460156,427,0.0,0.0,0.0,0.0,0.0,0.0,0.0,0.0,3.0,0.12,0
1756460156,428,0.0,0.0,0.0,0.0,0.0,0.0,0.0,0.0,2.0,0.1,0
1756460156,429,0.0,0.0,0.0,0.0,0.0,0.0,0.0,0.0,3.0,0.05,0
1756460156,430,0.0,0.0,0.0,0.0,0.0,0.0,0.0,0.0,1.0,0.02,0
1756460156,431,0.0,0.0,0.0,0.0,0.0,0.0,0.0,0.0,2.0,0.12,0
1756460156,432,0.0,0.0,0.0,0.0,0.0,0.0,0.0,0.0,0.0,0.62,0
1756460156,433,0.0,0.0,0.0,0.0,0.0,0.0,0.0,0.0,3.0,0.02,0
1756460156,434,0.0,0.0,0.0,0.0,0.0,0.0,0.0,0.0,2.0,0.25,0
1756460156,435,0.0,0.0,0.0,0.0,0.0,0.0,0.0,0.0,2.0,0.12,0
1756460156,436,0.0,0.0,0.0,0.0,0.0,0.0,0.0,0.0,0.0,0.05,0
1756460156,437,0.0,0.0,0.0,0.0,0.0,0.0,0.0,0.0,4.0,0.12,0
1756460156,438,0.0,0.0,0.0,0.0,0.0,0.0,0.0,0.0,0.0,0.1,0
1756460156,439,0.0,0.0,0.0,0.0,0.0,0.0,0.0,0.0,0.0,0.0,0
1756460156,440,0.0,0.0,0.0,0.0,0.0,0.0,0.0,0.0,1.0,0.05,0
1756460156,441,0.0,0.0,0.0,0.0,0.0,0.0,0.0,0.0,2.0,0.3,0
1756460156,442,0.0,0.0,0.0,0.0,0.0,0.0,0.0,0.0,2.0,0.05,0
1756460156,443,0.0,0.0,0.0,0.0,0.0,0.0,0.0,0.0,0.0,0.1,0
1756460156,444,0.0,0.0,0.0,0.0,0.0,0.0,0.0,0.0,4.0,0.1,0
1756460156,445,0.0,0.0,0.0,0.0,0.0,0.0,0.0,0.0,3.0,0.05,0
1756460156,446,0.0,0.0,0.0,0.0,0.0,0.0,0.0,0.0,1.0,0.25,0
1756460156,447,0.0,0.0,0.0,0.0,0.0,0.0,0.0,0.0,1.0,0.05,0
1756460156,448,0.0,0.0,0.0,0.0,0.0,0.0,0.0,0.0,2.0,0.0,0
1756460156,449,0.0,0.0,0.0,0.0,0.0,0.0,0.0,0.0,4.0,0.15,0
1756460156,450,0.0,0.0,0.0,0.0,0.0,0.0,0.0,0.0,2.0,0.0,0
1756460156,451,0.0,0.0,0.0,0.0,0.0,0.0,0.0,0.0,2.0,0.05,0
1756460156,452,0.0,0.0,0.0,0.0,0.0,0.0,0.0,0.0,1.0,0.02,0
1756460156,453,0.0,0.0,0.0,0.0,0.0,0.0,0.0,0.0,0.0,0.0,0
1756460156,454,0.0,0.0,0.0,0.0,0.0,0.0,0.0,0.0,0.0,0.0,0
1756460156,455,0.0,0.0,0.0,0.0,0.0,0.0,0.0,0.0,0.0,0.02,0
1756460156,456,0.0,0.0,0.0,0.0,0.0,0.0,0.0,0.0,2.0,0.02,0
1756460156,457,0.0,0.0,0.0,0.0,0.0,0.0,0.0,0.0,2.0,0.23,0
1756460156,458,0.0,0.0,0.0,0.0,0.0,0.0,0.0,0.0,2.0,0.05,0
1756460156,459,0.0,0.0,0.0,0.0,0.0,0.0,0.0,0.0,2.0,0.05,0
1756460156,460,0.0,0.0,0.0,0.0,0.0,0.0,0.0,0.0,2.0,0.0,0
1756460156,461,0.0,0.0,0.0,0.0,0.0,0.0,0.0,0.0,1.0,0.05,0
1756460156,462,0.0,0.0,0.0,0.0,0.0,0.0,0.0,0.0,5.0,0.15,0
1756460156,463,0.0,0.0,0.0,0.0,0.0,0.0,0.0,0.0,2.0,0.1,0
1756460156,464,0.0,0.0,0.0,0.0,0.0,0.0,0.0,0.0,1.0,0.02,0
1756460156,465,0.0,0.0,0.0,0.0,0.0,0.0,0.0,0.0,0.0,0.0,0
1756460156,466,0.0,0.0,0.0,0.0,0.0,0.0,0.0,0.0,4.0,0.15,0
1756460156,467,0.0,0.0,0.0,0.0,0.0,0.0,0.0,0.0,2.0,0.0,0
1756460156,468,0.0,0.0,0.0,0.0,0.0,0.0,0.0,0.0,1.0,0.12,0
1756460156,469,0.0,0.0,0.0,0.0,0.0,0.0,0.0,0.0,2.0,0.05,0
1756460156,470,0.0,0.0,0.0,0.0,0.0,0.0,0.0,0.0,2.0,0.1,0
1756460156,471,0.0,0.0,0.0,0.0,0.0,0.0,0.0,0.0,3.0,0.2,0
1756460156,472,0.0,0.0,0.0,0.0,0.0,0.0,0.0,0.0,3.0,0.1,0
1756460156,473,0.0,0.0,0.0,0.0,0.0,0.0,0.0,0.0,3.0,0.05,0
1756460156,474,0.0,0.0,0.0,0.0,0.0,0.0,0.0,0.0,3.0,0.4,0
1756460156,475,0.0,0.0,0.0,0.0,0.0,0.0,0.0,0.0,1.0,0.05,0
1756460156,476,0.0,0.0,0.0,0.0,0.0,0.0,0.0,0.0,3.0,0.15,0
1756460156,477,0.0,0.0,0.0,0.0,0.0,0.0,0.0,0.0,2.0,0.0,0
1756460156,478,0.0,0.0,0.0,0.0,0.0,0.0,0.0,0.0,3.0,0.23,0
1756460156,479,0.0,0.0,0.0,0.0,0.0,0.0,0.0,0.0,1.0,0.1,0
1756460156,480,0.0,0.0,0.0,0.0,0.0,0.0,0.0,0.0,0.0,0.05,0
1756460156,481,0.0,0.0,0.0,0.0,0.0,0.0,0.0,0.0,3.0,0.15,0
1756460157,482,0.0,0.0,0.0,0.0,0.0,0.0,0.0,0.0,2.0,0.05,0
1756460157,483,0.0,0.0,0.0,0.0,0.0,0.0,0.0,0.0,0.0,0.52,0
1756460157,484,0.0,0.0,0.0,0.0,0.0,0.0,0.0,0.0,2.0,0.05,0
1756460157,485,0.0,0.0,0.0,0.0,0.0,0.0,0.0,0.0,1.0,0.1,0
1756460157,486,0.0,0.0,0.0,0.0,0.0,0.0,0.0,0.0,0.0,0.05,0
1756460157,487,0.0,0.0,0.0,0.0,0.0,0.0,0.0,0.0,1.0,0.0,0
1756460157,488,0.0,0.0,0.0,0.0,0.0,0.0,0.0,0.0,2.0,0.05,0
1756460157,489,0.0,0.0,0.0,0.0,0.0,0.0,0.0,0.0,1.0,0.05,0
1756460157,490,0.0,0.0,0.0,0.0,0.0,0.0,0.0,0.0,2.0,0.2,0
1756460157,491,0.0,0.0,0.0,0.0,0.0,0.0,0.0,0.0,3.0,0.15,0
1756460157,492,0.0,0.0,0.0,0.0,0.0,0.0,0.0,0.0,0.0,0.0,0
1756460157,493,0.0,0.0,0.0,0.0,0.0,0.0,0.0,0.0,3.0,0.1,0
1756460157,494,0.0,0.0,0.0,0.0,0.0,0.0,0.0,0.0,0.0,0.05,0
1756460157,495,0.0,0.0,0.0,0.0,0.0,0.0,0.0,0.0,2.0,0.0,0
1756460157,496,0.0,0.0,0.0,0.0,0.0,0.0,0.0,0.0,2.0,0.23,0
1756460157,497,0.0,0.0,0.0,0.0,0.0,0.0,0.0,0.0,0.0,0.0,0
1756460157,498,0.0,0.0,0.0,0.0,0.0,0.0,0.0,0.0,1.0,0.05,0
1756460157,499,0.0,0.0,0.0,0.0,0.0,0.0,0.0,0.0,0.0,0.2,0
1756460157,500,0.0,0.0,0.0,0.0,0.0,0.0,0.0,0.0,1.0,0.12,0
1756460157,501,0.0,0.0,0.0,0.0,0.0,0.0,0.0,0.0,3.0,0.1,0
1756460157,502,0.0,0.0,0.0,0.0,0.0,0.0,0.0,0.0,1.0,0.1,0
1756460157,503,0.0,0.0,0.0,0.0,0.0,0.0,0.0,0.0,1.0,0.1,0
1756460157,504,0.0,0.0,0.0,0.0,0.0,0.0,0.0,0.0,1.0,0.05,0
1756460157,505,0.0,0.0,0.0,0.0,0.0,0.0,0.0,0.0,2.0,0.0,0
1756460157,506,0.0,0.0,0.0,0.0,0.0,0.0,0.0,0.0,2.0,0.05,0
1756460157,507,0.0,0.0,0.0,0.0,0.0,0.0,0.0,0.0,2.0,0.05,0
1756460157,508,0.0,0.0,0.0,1.0,0.0,0.0,0.0,0.0,0.0,0.1,0
1756460157,509,0.0,0.0,0.0,1.0,0.0,0.0,0.0,0.0,2.0,0.05,0
1756460157,510,0.0,0.0,0.0,1.0,0.0,0.0,0.0,0.0,2.0,0.05,0
1756460157,511,0.0,0.0,0.0,1.0,0.0,0.0,0.0,0.0,2.0,0.05,0
1756460157,512,0.0,0.0,0.0,1.0,0.0,0.0,0.0,0.0,1.0,0.0,0
1756460157,513,0.0,0.0,0.0,1.0,0.0,0.0,0.0,0.0,2.0,0.1,0
1756460157,514,0.0,0.0,0.0,1.0,0.0,0.0,0.0,0.0,0.0,0.0,0
1756460157,515,0.0,0.0,0.0,1.0,0.0,0.0,0.0,0.0,5.0,0.15,0
1756460157,516,0.0,0.0,0.0,1.0,0.0,0.0,0.0,0.0,0.0,0.05,0
1756460157,517,0.0,0.0,0.0,1.0,0.0,0.0,0.0,0.0,5.0,0.15,0
1756460157,518,0.0,0.0,0.0,1.0,0.0,0.0,0.0,0.0,0.0,0.12,0
1756460157,519,0.0,0.0,0.0,1.0,0.0,0.0,0.0,0.0,1.0,0.05,0
1756460157,520,0.0,0.0,0.0,1.0,0.0,0.0,0.0,0.0,2.0,0.05,0
1756460157,521,0.0,0.0,0.0,1.0,0.0,0.0,0.0,0.0,2.0,0.02,0
1756460157,522,0.0,0.0,0.0,1.0,0.0,0.0,0.0,0.0,2.0,0.05,0
1756460157,523,0.0,0.0,0.0,1.0,0.0,0.0,0.0,0.0,3.0,0.12,0
1756460157,524,0.0,0.0,0.0,1.0,0.0,0.0,0.0,0.0,0.0,0.05,0
1756460157,525,0.0,0.0,0.0,1.0,0.0,0.0,0.0,0.0,0.0,0.0,0
1756460157,526,0.0,0.0,0.0,1.0,0.0,0.0,0.0,0.0,5.0,0.05,0
1756460157,527,0.0,0.0,0.0,1.0,0.0,0.0,0.0,0.0,0.0,0.0,0
1756460157,528,0.0,0.0,0.0,1.0,0.0,0.0,0.0,0.0,0.0,0.1,0
1756460157,529,0.0,0.0,0.0,1.0,0.0,0.0,0.0,0.0,1.0,0.3,0
1756460157,530,0.0,0.0,0.0,1.0,0.0,0.0,0.0,0.0,2.0,0.05,0
1756460157,531,0.0,0.0,0.0,1.0,0.0,0.0,0.0,0.0,1.0,0.0,0
1756460157,532,0.0,0.0,0.0,1.0,0.0,0.0,0.0,0.0,0.0,0.0,0
1756460157,533,0.0,0.0,0.0,1.0,0.0,0.0,0.0,0.0,2.0,1.05,0
1756460157,534,0.0,0.0,0.0,1.0,0.0,0.0,0.0,0.0,1.0,0.1,0
1756460157,535,0.0,0.0,0.0,1.0,0.0,0.0,0.0,0.0,0.0,0.02,0
1756460157,536,0.0,0.0,0.0,1.0,0.0,0.0,0.0,0.0,0.0,0.1,0
1756460157,537,0.0,0.0,0.0,1.0,0.0,0.0,0.0,0.0,2.0,0.05,0
1756460157,538,0.0,0.0,0.0,1.0,0.0,0.0,0.0,0.0,0.0,0.1,0
1756460157,539,0.0,0.0,0.0,1.0,0.0,0.0,0.0,0.0,3.0,0.0,0
1756460157,540,0.0,0.0,0.0,1.0,0.0,0.0,0.0,0.0,0.0,0.0,0
1756460157,541,0.0,0.0,0.0,1.0,0.0,0.0,0.0,0.0,2.0,0.05,0
1756460157,542,0.0,0.0,0.0,1.0,0.0,0.0,0.0,0.0,0.0,0.05,0
1756460157,543,0.0,0.0,0.0,1.0,0.0,0.0,0.0,0.0,1.0,0.05,0
1756460157,544,0.0,0.0,0.0,1.0,0.0,0.0,0.0,0.0,3.0,0.1,0
1756460157,545,0.0,0.0,0.0,1.0,0.0,0.0,0.0,0.0,2.0,0.1,0
1756460157,546,0.0,0.0,0.0,1.0,0.0,0.0,0.0,0.0,0.0,0.0,0
1756460157,547,0.0,0.0,0.0,1.0,0.0,0.0,0.0,0.0,1.0,0.02,0
1756460157,548,0.0,0.0,0.0,1.0,0.0,0.0,0.0,0.0,0.0,0.2,0
1756460157,549,0.0,0.0,0.0,1.0,0.0,0.0,0.0,0.0,2.0,0.02,0
1756460157,550,0.0,0.0,0.0,1.0,0.0,0.0,0.0,0.0,2.0,0.05,0
1756460157,551,0.0,0.0,0.0,1.0,0.0,0.0,0.0,0.0,0.0,0.0,0
1756460158,552,0.0,0.0,0.0,1.0,0.0,0.0,0.0,0.0,3.0,0.0,0
1756460158,553,0.0,0.0,0.0,1.0,0.0,0.0,0.0,0.0,2.0,0.1,0
1756460158,554,0.0,0.0,0.0,1.0,0.0,0.0,0.0,0.0,2.0,0.0,0
1756460158,555,0.0,0.0,0.0,1.0,0.0,0.0,0.0,0.0,2.0,0.05,0
1756460158,556,0.0,0.0,0.0,1.0,0.0,0.0,0.0,0.0,2.0,0.05,0
1756460158,557,0.0,0.0,0.0,1.0,0.0,0.0,0.0,0.0,1.0,0.02,0
1756460158,558,0.0,0.0,0.0,1.0,0.0,0.0,0.0,0.0,0.0,0.0,0
1756460158,559,0.0,0.0,0.0,1.0,0.0,0.0,0.0,0.0,0.0,0.0,0
1756460158,560,0.0,0.0,0.0,1.0,0.0,0.0,0.0,0.0,2.0,0.1,0
1756460158,561,0.0,0.0,0.0,1.0,0.0,0.0,0.0,0.0,2.0,0.05,0
1756460158,562,0.0,0.0,0.0,1.0,0.0,0.0,0.0,0.0,3.0,0.05,0
1756460158,563,0.0,0.0,0.0,1.0,0.0,0.0,0.0,0.0,1.0,0.0,0
1756460158,564,0.0,0.0,0.0,1.0,0.0,0.0,0.0,0.0,2.0,0.12,0
1756460158,565,0.0,0.0,0.0,1.0,0.0,0.0,0.0,0.0,1.0,0.05,0
1756460158,566,0.0,0.0,0.0,1.0,0.0,0.0,0.0,0.0,4.0,0.02,0
1756460158,567,0.0,0.0,0.0,1.0,0.0,0.0,0.0,0.0,2.0,0.05,0
1756460158,568,0.0,0.0,0.0,1.0,0.0,0.0,0.0,0.0,0.0,0.0,0
1756460158,569,0.0,0.0,0.0,1.0,0.0,0.0,0.0,0.0,2.0,0.23,0
1756460158,570,0.0,0.0,0.0,1.0,0.0,0.0,0.0,0.0,1.0,0.05,0
1756460158,571,0.0,0.0,0.0,1.0,0.0,0.0,0.0,0.0,2.0,0.1,0
1756460158,572,0.0,0.0,0.0,1.0,0.0,0.0,0.0,0.0,2.0,0.05,0
1756460158,573,0.0,0.0,0.0,1.0,0.0,0.0,0.0,0.0,2.0,0.05,0
1756460158,574,0.0,0.0,0.0,1.0,0.0,0.0,0.0,0.0,2.0,0.05,0
1756460158,575,0.0,0.0,0.0,1.0,0.0,0.0,0.0,0.0,0.0,0.0,0
1756460158,576,0.0,0.0,0.0,1.0,0.0,0.0,0.0,0.0,0.0,0.05,0
1756460158,577,0.0,0.0,0.0,1.0,0.0,0.0,0.0,0.0,3.0,0.0,0
1756460158,578,0.0,0.0,0.0,1.0,0.0,0.0,0.0,0.0,1.0,0.23,0
1756460158,579,0.0,0.0,0.0,1.0,0.0,0.0,0.0,0.0,0.0,0.02,0
1756460158,580,0.0,0.0,0.0,1.0,0.0,0.0,0.0,0.0,4.0,0.05,0
1756460158,581,0.0,0.0,0.0,1.0,0.0,0.0,0.0,0.0,2.0,0.23,0
1756460158,582,0.0,0.0,0.0,1.0,0.0,0.0,0.0,0.0,0.0,0.0,0
1756460158,583,0.0,0.0,0.0,1.0,0.0,0.0,0.0,0.0,2.0,0.15,0
1756460158,584,0.0,0.0,0.0,1.0,0.0,0.0,0.0,0.0,0.0,0.0,0
1756460158,585,0.0,0.0,0.0,1.0,0.0,0.0,0.0,0.0,12.0,0.02,0
1756460158,586,0.0,0.0,0.0,1.0,0.0,0.0,0.0,0.0,0.0,0.0,0
1756460158,587,0.0,0.0,0.0,1.0,0.0,0.0,0.0,0.0,3.0,0.0,0
1756460158,588,0.0,0.0,0.0,1.0,0.0,0.0,0.0,0.0,5.0,0.02,0
1756460158,589,0.0,0.0,0.0,1.0,0.0,0.0,0.0,0.0,0.0,0.1,0
1756460158,590,0.0,0.0,0.0,1.0,0.0,0.0,0.0,0.0,2.0,0.05,0
1756460158,591,0.0,0.0,0.0,1.0,0.0,0.0,0.0,0.0,2.0,0.05,0
1756460158,592,0.0,0.0,0.0,1.0,0.0,0.0,0.0,0.0,2.0,0.05,0
1756460158,593,0.0,0.0,0.0,1.0,0.0,0.0,0.0,0.0,2.0,0.02,0
1756460158,594,0.0,0.0,0.0,1.0,0.0,0.0,0.0,0.0,2.0,0.05,0
1756460158,595,0.0,0.0,0.0,1.0,0.0,0.0,0.0,0.0,2.0,0.1,0
1756460158,596,0.0,0.0,0.0,1.0,0.0,0.0,0.0,0.0,0.0,0.05,0
1756460158,597,0.0,0.0,0.0,1.0,0.0,0.0,0.0,0.0,0.0,0.0,0
1756460158,598,0.0,0.0,0.0,1.0,0.0,0.0,0.0,0.0,1.0,0.23,0
1756460158,599,0.0,0.0,0.0,1.0,0.0,0.0,0.0,0.0,0.0,0.0,0
1756460158,600,0.0,0.0,0.0,1.0,0.0,0.0,0.0,0.0,3.0,0.0,0
1756460158,601,0.0,0.0,0.0,1.0,0.0,0.0,0.0,0.0,0.0,0.05,0
1756460158,602,0.0,0.0,0.0,1.0,0.0,0.0,0.0,0.0,2.0,0.0,0
1756460158,603,0.0,0.0,0.0,1.0,0.0,0.0,0.0,0.0,2.0,0.05,0
1756460158,604,0.0,0.0,0.0,1.0,0.0,0.0,0.0,0.0,2.0,0.02,0
1756460158,605,0.0,0.0,0.0,1.0,0.0,0.0,0.0,0.0,1.0,0.0,0
1756460158,606,0.0,0.0,0.0,1.0,0.0,0.0,0.0,0.0,1.0,0.05,0
1756460158,607,0.0,0.0,0.0,1.0,0.0,0.0,0.0,0.0,2.0,0.02,0
1756460158,608,0.0,0.0,0.0,1.0,0.0,0.0,0.0,0.0,1.0,0.02,0
1756460158,609,0.0,0.0,0.0,1.0,0.0,0.0,0.0,0.0,2.0,0.0,0
1756460158,610,0.0,0.0,0.0,1.0,0.0,0.0,0.0,0.0,3.0,0.1,0
1756460158,611,0.0,0.0,0.0,1.0,0.0,0.0,0.0,0.0,0.0,0.0,0
1756460158,612,0.0,0.0,0.0,1.0,0.0,0.0,0.0,0.0,0.0,0.05,0
1756460158,613,0.0,0.0,0.0,1.0,0.0,0.0,0.0,0.0,0.0,0.02,0
1756460159,614,0.0,0.0,0.0,1.0,0.0,0.0,0.0,0.0,0.0,0.0,0
1756460159,615,0.0,0.0,0.0,1.0,0.0,0.0,0.0,0.0,2.0,0.05,0
1756460159,616,0.0,0.0,0.0,1.0,0.0,0.0,0.0,0.0,1.0,0.05,0
1756460159,617,0.0,0.0,0.0,1.0,0.0,0.0,0.0,0.0,2.0,0.1,0
1756460159,618,0.0,0.0,0.0,1.0,0.0,0.0,0.0,0.0,1.0,0.02,0
1756460159,619,0.0,0.0,0.0,1.0,0.0,0.0,0.0,0.0,3.0,0.0,0
1756460159,620,0.0,0.0,0.0,1.0,0.0,0.0,0.0,0.0,1.0,0.0,0
1756460159,621,0.0,0.0,0.0,1.0,0.0,0.0,0.0,0.0,3.0,0.02,0
1756460159,622,0.0,0.0,0.0,1.0,0.0,0.0,0.0,0.0,1.0,0.0,0
1756460159,623,0.0,0.0,0.0,1.0,0.0,0.0,0.0,0.0,0.0,0.0,0
1756460159,624,0.0,0.0,0.0,1.0,0.0,0.0,0.0,0.0,0.0,0.05,0
1756460159,625,0.0,0.0,0.0,1.0,0.0,0.0,0.0,0.0,1.0,0.05,0
1756460159,626,0.0,0.0,0.0,1.0,0.0,0.0,0.0,0.0,0.0,0.23,0
1756460159,627,0.0,0.0,0.0,1.0,0.0,0.0,0.0,0.0,3.0,0.0,0
1756460159,628,0.0,0.0,0.0,1.0,0.0,0.0,0.0,0.0,0.0,0.05,0
1756460159,629,0.0,0.0,0.0,1.0,0.0,0.0,0.0,0.0,3.0,0.05,0
1756460159,630,0.0,0.0,0.0,1.0,0.0,0.0,0.0,0.0,6.0,0.12,0
1756460159,631,0.0,0.0,0.0,1.0,0.0,0.0,0.0,0.0,0.0,0.0,0
1756460159,632,0.0,0.0,0.0,1.0,0.0,0.0,0.0,0.0,2.0,0.02,0
1756460159,633,0.0,0.0,0.0,1.0,0.0,0.0,0.0,0.0,0.0,0.05,0
1756460159,634,0.0,0.0,0.0,1.0,0.0,0.0,0.0,0.0,1.0,0.12,0
1756460159,635,0.0,0.0,0.0,1.0,0.0,0.0,0.0,0.0,4.0,0.2,0
1756460159,636,0.0,0.0,0.0,1.0,0.0,0.0,0.0,0.0,2.0,0.1,0
1756460159,637,0.0,0.0,0.0,1.0,0.0,0.0,0.0,0.0,2.0,0.1,0
1756460159,638,0.0,0.0,0.0,0.0,0.0,0.0,0.0,0.0,0.0,0.0,0
1756460159,639,0.0,0.0,0.0,0.0,0.0,0.0,0.0,0.0,1.0,0.0,0
1756460159,640,0.0,0.0,0.0,0.0,0.0,0.0,0.0,0.0,1.0,0.12,0
1756460159,641,0.0,0.0,0.0,0.0,0.0,0.0,0.0,0.0,3.0,0.05,0
1756460159,642,0.0,0.0,0.0,0.0,0.0,0.0,0.0,0.0,0.0,0.0,0
1756460159,643,0.0,0.0,0.0,0.0,0.0,0.0,0.0,0.0,0.0,0.02,0
1756460159,644,0.0,0.0,0.0,0.0,0.0,0.0,0.0,0.0,2.0,0.05,0
1756460159,645,0.0,0.0,0.0,0.0,0.0,0.0,0.0,0.0,0.0,0.02,0
1756460159,646,0.0,0.0,0.0,0.0,0.0,0.0,0.0,0.0,0.0,0.0,0
1756460159,647,0.0,0.0,0.0,0.0,0.0,0.0,0.0,0.0,1.0,0.15,0
1756460159,648,0.0,0.0,0.0,0.0,0.0,0.0,0.0,0.0,2.0,0.02,0
1756460159,649,0.0,0.0,0.0,0.0,0.0,0.0,0.0,0.0,0.0,0.05,0
1756460159,650,0.0,0.0,0.0,0.0,0.0,0.0,0.0,0.0,2.0,0.05,0
1756460159,651,0.0,0.0,0.0,0.0,0.0,0.0,0.0,0.0,1.0,0.05,0
1756460159,652,0.0,0.0,0.0,0.0,0.0,0.0,0.0,0.0,1.0,0.0,0
1756460159,653,0.0,0.0,0.0,0.0,0.0,0.0,0.0,0.0,4.0,0.15,0
1756460159,654,0.0,0.0,0.0,0.0,0.0,0.0,0.0,0.0,2.0,0.05,0
1756460159,655,0.0,0.0,0.0,0.0,0.0,0.0,0.0,0.0,0.0,0.0,0
1756460159,656,0.0,0.0,0.0,0.0,0.0,0.0,0.0,0.0,4.0,0.1,0
1756460159,657,0.0,0.0,0.0,0.0,0.0,0.0,0.0,0.0,1.0,0.1,0
1756460159,658,0.0,0.0,0.0,0.0,0.0,0.0,0.0,0.0,3.0,0.1,0
1756460159,659,0.0,0.0,0.0,0.0,0.0,0.0,0.0,0.0,3.0,0.0,0
1756460159,660,0.0,0.0,0.0,0.0,0.0,0.0,0.0,0.0,1.0,0.05,0
1756460159,661,0.0,0.0,0.0,0.0,0.0,0.0,0.0,0.0,0.0,0.05,0
1756460159,662,0.0,0.0,0.0,0.0,0.0,0.0,0.0,0.0,1.0,0.02,0
1756460159,663,0.0,0.0,0.0,0.0,0.0,0.0,0.0,0.0,1.0,0.0,0
1756460159,664,0.0,0.0,0.0,0.0,0.0,0.0,0.0,0.0,2.0,0.05,0
1756460159,665,0.0,0.0,0.0,0.0,0.0,0.0,0.0,0.0,2.0,0.0,0
1756460159,666,0.0,0.0,0.0,0.0,0.0,0.0,0.0,0.0,2.0,0.02,0
1756460159,667,0.0,0.0,0.0,0.0,0.0,0.0,0.0,0.0,2.0,0.1,0
1756460159,668,0.0,0.0,0.0,0.0,0.0,0.0,0.0,0.0,6.0,0.05,0
1756460159,669,0.0,0.0,0.0,0.0,0.0,0.0,0.0,0.0,0.0,0.1,0
1756460159,670,0.0,0.0,0.0,0.0,0.0,0.0,0.0,0.0,3.0,0.1,0
1756460159,671,0.0,0.0,0.0,0.0,0.0,0.0,0.0,0.0,2.0,0.05,0
1756460159,672,0.0,0.0,0.0,0.0,0.0,0.0,0.0,0.0,0.0,0.1,0
1756460159,673,0.0,0.0,0.0,0.0,0.0,0.0,0.0,0.0,3.0,0.1,0
1756460159,674,0.0,0.0,0.0,0.0,0.0,0.0,0.0,0.0,2.0,0.05,0
1756460159,675,0.0,0.0,0.0,0.0,0.0,0.0,0.0,0.0,0.0,0.0,0
1756460159,676,0.0,0.0,0.0,0.0,0.0,0.0,0.0,0.0,0.0,0.12,0
1756460159,677,0.0,0.0,0.0,0.0,0.0,0.0,0.0,0.0,4.0,0.05,0
1756460159,678,0.0,0.0,0.0,0.0,0.0,0.0,0.0,0.0,2.0,0.0,0
1756460159,679,0.0,0.0,0.0,0.0,0.0,0.0,0.0,0.0,0.0,0.0,0
1756460160,680,0.0,0.0,0.0,0.0,0.0,0.0,0.0,0.0,2.0,0.56,0
1756460160,681,0.0,0.0,0.0,0.0,0.0,0.0,0.0,0.0,1.0,0.05,0
1756460160,682,0.0,0.0,0.0,0.0,0.0,0.0,0.0,0.0,2.0,0.1,0
1756460160,683,0.0,0.0,0.0,0.0,0.0,0.0,0.0,0.0,1.0,0.15,0
1756460160,684,0.0,0.0,0.0,0.0,0.0,0.0,0.0,0.0,2.0,0.02,0
1756460160,685,0.0,0.0,0.0,0.0,0.0,0.0,0.0,0.0,2.0,0.02,0
1756460160,686,0.0,0.0,0.0,0.0,0.0,0.0,0.0,0.0,2.0,0.25,0
1756460160,687,0.0,0.0,0.0,0.0,0.0,0.0,0.0,0.0,2.0,0.1,0
1756460160,688,0.0,0.0,0.0,0.0,0.0,0.0,0.0,0.0,2.0,0.02,0
1756460160,689,0.0,0.0,0.0,0.0,0.0,0.0,0.0,0.0,1.0,0.02,0
1756460160,690,0.0,0.0,0.0,0.0,0.0,0.0,0.0,0.0,4.0,0.05,0
1756460160,691,0.0,0.0,0.0,0.0,0.0,0.0,0.0,0.0,2.0,0.1,0
1756460160,692,0.0,0.0,0.0,0.0,0.0,0.0,0.0,0.0,4.0,0.0,0
1756460160,693,0.0,0.0,0.0,0.0,0.0,0.0,0.0,0.0,2.0,0.1,0
1756460160,694,0.0,0.0,0.0,0.0,0.0,0.0,0.0,0.0,2.0,0.05,0
1756460160,695,0.0,0.0,0.0,0.0,0.0,0.0,0.0,0.0,2.0,0.05,0
1756460160,696,0.0,0.0,0.0,0.0,0.0,0.0,0.0,0.0,0.0,0.02,0
1756460160,697,0.0,0.0,0.0,0.0,0.0,0.0,0.0,0.0,0.0,0.0,0
1756460160,698,0.0,0.0,0.0,0.0,0.0,0.0,0.0,0.0,2.0,0.1,0
1756460160,699,0.0,0.0,0.0,0.0,0.0,0.0,0.0,0.0,1.0,0.0,0
1756460160,700,0.0,0.0,0.0,0.0,0.0,0.0,0.0,0.0,0.0,0.1,0
1756460160,701,0.0,0.0,0.0,0.0,0.0,0.0,0.0,0.0,0.0,0.0,0
1756460160,702,0.0,0.0,0.0,0.0,0.0,0.0,0.0,0.0,3.0,0.05,0
1756460160,703,0.0,0.0,0.0,0.0,0.0,0.0,0.0,0.0,2.0,0.12,0
1756460160,704,0.0,0.0,0.0,0.0,0.0,0.0,0.0,0.0,1.0,0.1,0
1756460160,705,0.0,0.0,0.0,0.0,0.0,0.0,0.0,0.0,0.0,0.0,0
1756460160,706,0.0,0.0,0.0,0.0,0.0,0.0,0.0,0.0,5.0,0.05,0
1756460160,707,0.0,0.0,0.0,0.0,0.0,0.0,0.0,0.0,1.0,0.0,0
1756460160,708,0.0,0.0,0.0,0.0,0.0,0.0,0.0,0.0,3.0,0.05,0
1756460160,709,0.0,0.0,0.0,0.0,0.0,0.0,0.0,0.0,2.0,0.0,0
1756460160,710,0.0,0.0,0.0,0.0,0.0,0.0,0.0,0.0,3.0,0.05,0
1756460160,711,0.0,0.0,0.0,0.0,0.0,0.0,0.0,0.0,1.0,0.15,0
1756460160,712,0.0,0.0,0.0,0.0,0.0,0.0,0.0,0.0,2.0,0.05,0
1756460160,713,0.0,0.0,0.0,0.0,0.0,0.0,0.0,0.0,3.0,0.05,0
1756460160,714,0.0,0.0,0.0,0.0,0.0,0.0,0.0,0.0,2.0,0.05,0
1756460160,715,0.0,0.0,0.0,0.0,0.0,0.0,0.0,0.0,1.0,0.02,0
1756460160,716,0.0,0.0,0.0,0.0,0.0,0.0,0.0,0.0,2.0,0.25,0
1756460160,717,0.0,0.0,0.0,0.0,0.0,0.0,0.0,0.0,2.0,0.02,0
1756460160,718,0.0,0.0,0.0,0.0,0.0,0.0,0.0,0.0,0.0,0.05,0
1756460160,719,0.0,0.0,0.0,0.0,0.0,0.0,0.0,0.0,0.0,0.0,0
1756460160,720,0.0,0.0,0.0,0.0,0.0,0.0,0.0,0.0,1.0,0.05,0
1756460160,721,0.0,0.0,0.0,0.0,0.0,0.0,0.0,0.0,3.0,0.02,0
1756460160,722,0.0,0.0,0.0,0.0,0.0,0.0,0.0,0.0,0.0,0.0,0
1756460160,723,0.0,0.0,0.0,0.0,0.0,0.0,0.0,0.0,2.0,0.1,0
1756460160,724,0.0,0.0,0.0,0.0,0.0,0.0,0.0,0.0,2.0,0.05,0
1756460160,725,0.0,0.0,0.0,0.0,0.0,0.0,0.0,0.0,4.0,0.05,0
1756460160,726,0.0,0.0,0.0,0.0,0.0,0.0,0.0,0.0,1.0,0.05,0
1756460160,727,0.0,0.0,0.0,0.0,0.0,0.0,0.0,0.0,0.0,0.0,0
1756460160,728,0.0,0.0,0.0,0.0,0.0,0.0,0.0,0.0,1.0,0.12,0
1756460160,729,0.0,0.0,0.0,0.0,0.0,0.0,0.0,0.0,4.0,0.05,0
1756460160,730,0.0,0.0,0.0,0.0,0.0,0.0,0.0,0.0,0.0,0.0,0
1756460160,731,0.0,0.0,0.0,0.0,0.0,0.0,0.0,0.0,1.0,0.05,0
1756460160,732,0.0,0.0,0.0,0.0,0.0,0.0,0.0,0.0,0.0,0.05,0
1756460160,733,0.0,0.0,0.0,0.0,0.0,0.0,0.0,0.0,0.0,0.0,0
1756460160,734,0.0,0.0,0.0,0.0,0.0,0.0,0.0,0.0,2.0,0.05,0
1756460160,735,0.0,0.0,0.0,0.0,0.0,0.0,0.0,0.0,1.0,0.1,0
1756460160,736,0.0,0.0,0.0,0.0,0.0,0.0,0.0,0.0,4.0,0.05,0
1756460160,737,0.0,0.0,0.0,0.0,0.0,0.0,0.0,0.0,6.0,0.05,0
1756460160,738,0.0,0.0,0.0,0.0,0.0,0.0,0.0,0.0,4.0,0.0,0
1756460160,739,0.0,0.0,0.0,0.0,0.0,0.0,0.0,0.0,4.0,0.23,0
1756460160,740,0.0,0.0,0.0,0.0,0.0,0.0,0.0,0.0,3.0,0.05,0
1756460160,741,0.0,0.0,0.0,0.0,0.0,0.0,0.0,0.0,1.0,0.02,0
1756460161,742,0.0,0.0,0.0,0.0,0.0,0.0,0.0,0.0,0.0,0.05,0
1756460161,743,0.0,0.0,0.0,0.0,0.0,0.0,0.0,0.0,2.0,0.05,0
1756460161,744,0.0,0.0,0.0,0.0,0.0,0.0,0.0,0.0,1.0,0.1,0
1756460161,745,0.0,0.0,0.0,0.0,0.0,0.0,0.0,0.0,2.0,0.05,0
1756460161,746,0.0,0.0,0.0,0.0,0.0,0.0,0.0,0.0,2.0,0.23,0
1756460161,747,0.0,0.0,0.0,0.0,0.0,0.0,0.0,0.0,3.0,0.05,0
1756460161,748,0.0,0.0,0.0,0.0,0.0,0.0,0.0,0.0,0.0,0.02,0
1756460161,749,0.0,0.0,0.0,0.0,0.0,0.0,0.0,0.0,1.0,0.1,0
1756460161,750,0.0,0.0,0.0,0.0,0.0,0.0,0.0,0.0,0.0,0.0,0
1756460161,751,0.0,0.0,0.0,0.0,0.0,0.0,0.0,0.0,1.0,0.1,0
1756460161,752,0.0,0.0,0.0,0.0,0.0,0.0,0.0,0.0,4.0,0.12,0
1756460161,753,0.0,0.0,0.0,0.0,0.0,0.0,0.0,0.0,0.0,0.0,0
1756460161,754,0.0,0.0,0.0,0.0,0.0,0.0,0.0,0.0,0.0,0.0,0
1756460161,755,0.0,0.0,0.0,0.0,0.0,0.0,0.0,0.0,3.0,0.0,0
1756460161,756,0.0,0.0,0.0,0.0,0.0,0.0,0.0,0.0,0.0,0.0,0
1756460161,757,0.0,0.0,0.0,0.0,0.0,0.0,0.0,0.0,4.0,0.05,0
1756460161,758,0.0,0.0,0.0,0.0,0.0,0.0,0.0,0.0,0.0,0.0,0
1756460161,759,0.0,0.0,0.0,0.0,0.0,0.0,0.0,0.0,0.0,0.0,0
1756460161,760,0.0,0.0,0.0,0.0,0.0,0.0,0.0,0.0,0.0,0.2,0
1756460161,761,0.0,0.0,0.0,0.0,0.0,0.0,0.0,0.0,1.0,0.02,0
1756460161,762,0.0,0.0,0.0,0.0,0.0,0.0,0.0,0.0,0.0,0.02,0
1756460161,763,0.0,0.0,0.0,0.0,0.0,0.0,0.0,0.0,4.0,0.05,0
1756460161,764,0.0,0.0,0.0,0.0,0.0,0.0,0.0,0.0,3.0,0.0,0
1756460161,765,0.0,0.0,0.0,1.0,0.0,0.0,0.0,0.0,3.0,0.0,0
1756460161,766,0.0,0.0,0.0,1.0,0.0,0.0,0.0,0.0,2.0,0.1,0
1756460161,767,0.0,0.0,0.0,1.0,0.0,0.0,0.0,0.0,1.0,0.05,0
1756460161,768,0.0,0.0,0.0,1.0,0.0,0.0,0.0,0.0,1.0,0.0,0
1756460161,769,0.0,0.0,0.0,1.0,0.0,0.0,0.0,0.0,3.0,0.05,0
1756460161,770,0.0,0.0,0.0,1.0,0.0,0.0,0.0,0.0,3.0,0.05,0
1756460161,771,0.0,0.0,0.0,1.0,0.0,0.0,0.0,0.0,0.0,0.05,0
1756460161,772,0.0,0.0,0.0,1.0,0.0,0.0,0.0,0.0,0.0,0.1,0
1756460161,773,0.0,0.0,0.0,1.0,0.0,0.0,0.0,0.0,1.0,0.23,0
1756460161,774,0.0,0.0,0.0,1.0,0.0,0.0,0.0,0.0,2.0,0.02,0
1756460161,775,0.0,0.0,0.0,1.0,0.0,0.0,0.0,0.0,3.0,0.2,0
1756460161,776,0.0,0.0,0.0,1.0,0.0,0.0,0.0,0.0,6.0,0.15,0
1756460161,777,0.0,0.0,0.0,1.0,0.0,0.0,0.0,0.0,2.0,0.05,0
1756460161,778,0.0,0.0,0.0,1.0,0.0,0.0,0.0,0.0,4.0,0.02,0
1756460161,779,0.0,0.0,0.0,1.0,0.0,0.0,0.0,0.0,4.0,0.02,0
1756460161,780,0.0,0.0,0.0,1.0,0.0,0.0,0.0,0.0,2.0,0.05,0
1756460161,781,0.0,0.0,0.0,1.0,0.0,0.0,0.0,0.0,2.0,0.05,0
1756460161,782,0.0,0.0,0.0,1.0,0.0,0.0,0.0,0.0,2.0,0.1,0
1756460161,783,0.0,0.0,0.0,1.0,0.0,0.0,0.0,0.0,0.0,0.12,0
1756460161,784,0.0,0.0,0.0,1.0,0.0,0.0,0.0,0.0,1.0,0.02,0
1756460161,785,0.0,0.0,0.0,1.0,0.0,0.0,0.0,0.0,2.0,0.02,0
1756460161,786,0.0,0.0,0.0,1.0,0.0,0.0,0.0,0.0,0.0,0.05,0
1756460161,787,0.0,0.0,0.0,1.0,0.0,0.0,0.0,0.0,0.0,0.0,0
1756460161,788,0.0,0.0,0.0,1.0,0.0,0.0,0.0,0.0,2.0,0.02,0
1756460161,789,0.0,0.0,0.0,1.0,0.0,0.0,0.0,0.0,2.0,0.0,0
1756460161,790,0.0,0.0,0.0,1.0,0.0,0.0,0.0,0.0,1.0,0.0,0
1756460161,791,0.0,0.0,0.0,1.0,0.0,0.0,0.0,0.0,0.0,0.0,0
1756460161,792,0.0,0.0,0.0,1.0,0.0,0.0,0.0,0.0,15.0,0.0,0
1756460161,793,0.0,0.0,0.0,1.0,0.0,0.0,0.0,0.0,0.0,0.1,0
1756460161,794,0.0,0.0,0.0,1.0,0.0,0.0,0.0,0.0,0.0,0.05,0
1756460161,795,0.0,0.0,0.0,1.0,0.0,0.0,0.0,0.0,1.0,0.0,0
1756460161,796,0.0,0.0,0.0,1.0,0.0,0.0,0.0,0.0,3.0,0.17,0
1756460161,797,0.0,0.0,0.0,1.0,0.0,0.0,0.0,0.0,2.0,0.2,0
1756460161,798,0.0,0.0,0.0,1.0,0.0,0.0,0.0,0.0,3.0,0.1,0
1756460161,799,0.0,0.0,0.0,1.0,0.0,0.0,0.0,0.0,1.0,0.0,0
1756460161,800,0.0,0.0,0.0,1.0,0.0,0.0,0.0,0.0,2.0,0.17,0
1756460161,801,0.0,0.0,0.0,1.0,0.0,0.0,0.0,0.0,4.0,0.0,0
1756460161,802,0.0,0.0,0.0,1.0,0.0,0.0,0.0,0.0,3.0,0.17,0
1756460161,803,0.0,0.0,0.0,1.0,0.0,0.0,0.0,0.0,2.0,0.12,0
1756460161,804,0.0,0.0,0.0,1.0,0.0,0.0,0.0,0.0,0.0,0.0,0
1756460162,805,0.0,0.0,0.0,1.0,0.0,0.0,0.0,0.0,5.0,0.05,0
1756460162,806,0.0,0.0,0.0,1.0,0.0,0.0,0.0,0.0,2.0,0.1,0
1756460162,807,0.0,0.0,0.0,1.0,0.0,0.0,0.11,0.0,1.0,0.2,0
1756460162,808,0.0,0.0,0.0,1.0,0.0,0.0,0.37,0.0,1.0,0.05,0
1756460162,809,0.0,0.0,0.0,1.0,0.0,0.0,0.63,0.0,3.0,0.2,0
1756460162,810,0.0,0.0,0.0,1.0,0.0,0.0,0.4,0.0,0.0,0.0,0
1756460162,811,0.0,0.0,0.0,1.0,0.0,0.0,0.82,0.0,3.0,0.1,0
1756460162,812,0.0,0.0,0.0,1.0,0.0,0.0,1.0,0.0,0.0,0.0,0
1756460162,813,0.0,0.0,0.0,1.0,0.0,0.0,1.0,0.0,3.0,0.1,0
1756460162,814,0.0,0.0,0.0,1.0,0.0,0.0,1.0,0.0,4.0,0.2,0
1756460162,815,0.0,0.0,0.0,1.0,0.0,0.0,1.0,0.0,1.0,0.05,0
1756460162,816,0.0,0.0,0.0,1.0,0.0,0.0,1.0,0.0,2.0,0.05,0
1756460162,817,0.0,0.0,0.0,1.0,0.0,0.0,1.0,0.0,1.0,0.02,0
1756460162,818,0.0,0.0,0.0,1.0,0.0,0.0,1.0,0.0,2.0,0.0,0
1756460162,819,0.0,0.0,0.0,1.0,0.0,0.0,1.0,0.0,0.0,0.05,0
1756460162,820,0.0,0.0,0.0,1.0,0.0,0.0,1.0,0.0,2.0,0.12,0
1756460162,821,0.0,0.0,0.0,1.0,0.0,0.0,1.0,0.0,2.0,0.05,0
1756460162,822,0.0,0.0,0.0,1.0,0.0,0.0,1.0,0.0,3.0,0.23,0
1756460162,823,0.0,0.0,0.0,1.0,0.0,0.0,1.0,0.0,2.0,0.05,0
1756460162,824,0.0,0.0,0.0,1.0,0.0,0.0,1.0,0.0,2.0,0.2,0
1756460162,825,0.0,0.0,0.0,1.0,0.0,0.0,1.0,0.0,0.0,0.05,0
1756460162,826,0.0,0.0,0.0,1.0,0.0,0.0,1.0,0.0,2.0,0.05,0
1756460162,827,0.0,0.0,0.0,1.0,0.0,0.0,1.0,0.0,1.0,0.05,0
1756460162,828,0.0,0.0,0.0,1.0,0.0,0.0,0.18,0.0,1.0,0.1,0
1756460162,829,0.0,0.0,0.0,1.0,0.0,0.0,0.61,0.0,4.0,0.0,0
1756460162,830,0.0,0.0,0.0,1.0,0.0,0.0,0.0,0.0,2.0,0.31,0
1756460162,831,0.0,0.0,0.0,1.0,0.0,0.0,0.5,0.0,3.0,0.0,0
1756460162,832,0.0,0.0,0.0,1.0,0.0,0.0,1.0,0.0,1.0,0.2,0
1756460162,833,0.0,0.0,0.0,1.0,0.0,0.0,0.0,0.0,1.0,0.75,0
1756460162,834,0.0,0.0,0.0,1.0,0.0,0.0,0.55,0.0,3.0,0.1,0
1756460162,835,0.0,0.0,0.0,1.0,0.0,0.0,1.0,0.0,1.0,0.1,0
1756460162,836,0.0,0.0,0.0,1.0,0.0,0.0,0.05,0.0,1.0,0.05,0
1756460162,837,0.0,0.0,0.0,1.0,0.0,0.0,0.54,0.0,4.0,0.12,0
1756460162,838,0.0,0.0,0.0,1.0,0.0,0.0,1.0,0.0,0.0,0.1,0
1756460162,839,0.0,0.0,0.0,1.0,0.0,0.0,1.0,0.0,0.0,0.0,0
1756460162,840,0.0,0.0,0.0,1.0,0.0,0.0,1.0,0.0,3.0,0.0,0
1756460162,841,0.0,0.0,0.0,1.0,0.0,0.0,1.0,0.0,2.0,0.0,0
1756460162,842,0.0,0.0,0.0,1.0,0.0,0.0,1.0,0.0,0.0,0.05,0
1756460162,843,0.0,0.0,0.0,1.0,0.0,0.0,1.0,0.0,2.0,0.1,0
1756460162,844,0.0,0.0,0.0,1.0,0.0,0.0,1.0,0.0,1.0,0.05,0
1756460162,845,0.0,0.0,0.0,1.0,0.0,0.0,1.0,0.0,0.0,0.0,0
1756460162,846,0.0,0.0,0.0,1.0,0.0,0.0,1.0,0.0,2.0,0.05,0
1756460162,847,0.0,0.0,0.0,1.0,0.0,0.0,1.0,0.0,2.0,0.1,0
1756460162,848,0.0,0.0,0.0,1.0,0.0,0.0,1.0,0.0,2.0,0.2,0
1756460162,849,0.0,0.0,0.0,1.0,0.0,0.0,1.0,0.0,3.0,0.12,0
1756460162,850,0.0,0.0,0.0,1.0,0.0,0.0,1.0,0.0,2.0,0.02,0
1756460162,851,0.0,0.0,0.0,1.0,0.0,0.0,0.09,0.0,4.0,0.05,0
1756460162,852,0.0,0.0,0.0,1.0,0.0,0.0,0.57,0.0,3.0,0.02,0
1756460162,853,0.0,0.0,0.0,1.0,0.0,0.0,1.0,0.0,2.0,0.12,0
1756460162,854,0.0,0.0,0.0,1.0,0.0,0.0,1.0,0.0,3.0,0.05,0
1756460162,855,0.0,0.0,0.0,1.0,0.0,0.0,1.0,0.0,5.0,0.12,0
1756460162,856,0.0,0.0,0.0,1.0,0.0,0.0,1.0,0.0,2.0,0.2,0
1756460162,857,0.0,0.0,0.0,1.0,0.0,0.0,1.0,0.0,2.0,0.02,0
1756460162,858,0.0,0.0,0.0,1.0,0.0,0.0,1.0,0.0,2.0,0.17,0
1756460162,859,0.0,0.0,0.0,1.0,0.0,0.0,1.0,0.0,0.0,0.02,0
1756460162,860,0.0,0.0,0.0,1.0,0.0,0.0,1.0,0.0,2.0,0.1,0
1756460162,861,0.0,0.0,0.0,1.0,0.0,0.0,1.0,0.0,4.0,0.05,0
1756460162,862,0.0,0.0,0.0,1.0,0.0,0.0,1.0,0.0,1.0,0.0,0
1756460162,863,0.0,0.0,0.0,1.0,0.0,0.0,1.0,0.0,2.0,0.05,0
1756460162,864,0.0,0.0,0.0,1.0,0.0,0.0,1.0,0.0,1.0,0.05,0
1756460162,865,0.0,0.0,0.0,1.0,0.0,0.0,0.21,0.0,2.0,0.12,0
1756460162,866,0.0,0.0,0.0,1.0,0.0,0.0,0.67,0.0,2.0,0.0,0
1756460162,867,0.0,0.0,0.0,1.0,0.0,0.0,1.0,0.0,2.0,0.0,0
1756460162,868,0.0,0.0,0.0,1.0,0.0,0.0,1.0,0.0,2.0,0.2,0
1756460163,869,0.0,0.0,0.0,1.0,0.0,0.0,0.05,0.0,1.0,0.05,0
1756460163,870,0.0,0.0,0.0,1.0,0.0,0.0,0.37,0.0,2.0,0.1,0
1756460163,871,0.0,0.0,0.0,1.0,0.0,0.0,0.03,0.0,2.0,0.31,0
1756460163,872,0.0,0.0,0.0,1.0,0.0,0.0,0.34,0.0,3.0,0.05,0
1756460163,873,0.0,0.0,0.0,1.0,0.0,0.0,0.68,0.0,3.0,0.0,0
1756460163,874,0.0,0.0,0.0,1.0,0.0,0.0,1.0,0.0,0.0,0.05,0
1756460163,875,0.0,0.0,0.0,1.0,0.0,0.0,1.0,0.0,1.0,0.17,0
1756460163,876,0.0,0.0,0.0,1.0,0.0,0.0,1.0,0.0,2.0,0.1,0
1756460163,877,0.0,0.0,0.0,1.0,0.0,0.0,1.0,0.0,0.0,0.0,0
1756460163,878,0.0,0.0,0.0,1.0,0.0,0.0,1.0,0.0,1.0,0.02,0
1756460163,879,0.0,0.0,0.0,1.0,0.0,0.0,1.0,0.0,2.0,0.02,0
1756460163,880,0.0,0.0,0.0,1.0,0.0,0.0,1.0,0.0,1.0,0.0,0
1756460163,881,0.0,0.0,0.0,1.0,0.0,0.0,1.0,0.0,2.0,0.1,0
1756460163,882,0.0,0.0,0.0,1.0,0.0,0.0,1.0,0.0,4.0,0.05,0
1756460163,883,0.0,0.0,0.0,1.0,0.0,0.0,1.0,0.0,4.0,0.1,0
1756460163,884,0.0,0.0,0.0,1.0,0.0,0.0,0.0,0.0,2.0,0.27,0
1756460163,885,0.0,0.0,0.0,1.0,0.0,0.0,0.41,0.0,1.0,0.0,0
1756460163,886,0.0,0.0,0.0,1.0,0.0,0.0,0.87,0.0,2.0,0.2,0
1756460163,887,0.0,0.0,0.0,1.0,0.0,0.0,1.0,0.0,1.0,0.05,0
1756460163,888,0.0,0.0,0.0,1.0,0.0,0.0,1.0,0.0,2.0,0.12,0
1756460163,889,0.0,0.0,0.0,1.0,0.0,0.0,1.0,0.0,2.0,0.05,0
1756460163,890,0.0,0.0,0.0,1.0,0.0,0.0,1.0,0.0,5.0,0.02,0
1756460163,891,0.0,0.0,0.0,1.0,0.0,0.0,1.0,0.0,0.0,0.0,0
1756460163,892,0.0,0.0,0.0,1.0,0.0,0.0,1.0,0.0,0.0,0.0,0
1756460163,893,0.0,0.0,0.0,1.0,0.0,0.0,1.0,0.0,3.0,0.12,0
1756460163,894,0.0,0.0,0.0,0.0,0.0,0.0,1.0,0.0,2.0,0.02,0
1756460163,895,0.0,0.0,0.0,0.0,0.0,0.0,1.0,0.0,0.0,0.0,0
1756460163,896,0.0,0.0,0.0,0.0,0.0,0.0,1.0,0.0,1.0,0.02,0
1756460163,897,0.0,0.0,0.0,0.0,0.0,0.0,1.0,0.0,0.0,0.0,0
1756460163,898,0.0,0.0,0.0,0.0,0.0,0.0,1.0,0.0,0.0,0.05,0
1756460163,899,0.0,0.0,0.0,0.0,0.0,0.0,1.0,0.0,2.0,0.17,0
1756460163,900,0.0,0.0,0.0,0.0,0.0,0.0,1.0,0.0,1.0,0.0,0
1756460163,901,0.0,0.0,0.0,0.0,0.0,0.0,0.2,0.0,3.0,0.12,0
1756460163,902,0.0,0.0,0.0,0.0,0.0,0.0,0.62,0.0,1.0,0.0,0
1756460163,903,0.0,0.0,0.0,0.0,0.0,0.0,1.0,0.0,2.0,0.12,0
1756460163,904,0.0,0.0,0.0,0.0,0.0,0.0,0.15,0.0,2.0,0.05,0
1756460163,905,0.0,0.0,0.0,0.0,0.0,0.0,0.07,0.0,5.0,0.0,0
1756460163,906,0.0,0.0,0.0,0.0,0.0,0.0,0.68,0.0,1.0,0.05,0
1756460163,907,0.0,0.0,0.0,0.0,0.0,0.0,0.3,0.0,1.0,0.05,0
1756460163,908,0.0,0.0,0.0,0.0,0.0,0.0,0.82,0.0,5.0,0.1,0
1756460163,909,0.0,0.0,0.0,0.0,0.0,0.0,1.0,0.0,1.0,0.1,0
1756460163,910,0.0,0.0,0.0,0.0,0.0,0.0,1.0,0.0,2.0,0.02,0
1756460163,911,0.0,0.0,0.0,0.0,0.0,0.0,1.0,0.0,1.0,0.05,0
1756460163,912,0.0,0.0,0.0,0.0,0.0,0.0,1.0,0.0,0.0,0.05,0
1756460163,913,0.0,0.0,0.0,0.0,0.0,0.0,1.0,0.0,2.0,0.02,0
1756460163,914,0.0,0.0,0.0,0.0,0.0,0.0,0.12,0.0,4.0,0.0,0
1756460163,915,0.0,0.0,0.0,0.0,0.0,0.0,0.6,0.0,1.0,0.05,0
1756460163,916,0.0,0.0,0.0,0.0,0.0,0.0,1.0,0.0,4.0,0.0,0
1756460163,917,0.0,0.0,0.0,0.0,0.0,0.0,1.0,0.0,4.0,0.17,0
1756460163,918,0.0,0.0,0.0,0.0,0.0,0.0,1.0,0.0,0.0,0.05,0
1756460163,919,0.0,0.0,0.0,0.0,0.0,0.0,1.0,0.0,1.0,0.05,0
1756460163,920,0.0,0.0,0.0,0.0,0.0,0.0,0.12,0.0,2.0,0.05,0
1756460163,921,0.0,0.0,0.0,0.0,0.0,0.0,0.27,0.0,4.0,0.1,0
1756460163,922,0.0,0.0,0.0,0.0,0.0,0.0,1.0,0.0,0.0,0.0,0
1756460163,923,0.0,0.0,0.0,0.0,0.0,0.0,1.0,0.0,3.0,0.02,0
1756460163,924,0.0,0.0,0.0,0.0,0.0,0.0,1.0,0.0,2.0,0.12,0
1756460163,925,0.0,0.0,0.0,0.0,0.0,0.0,0.27,0.0,2.0,0.1,0
1756460163,926,0.0,0.0,0.0,0.0,0.0,0.0,0.5,0.0,4.0,0.12,0
1756460163,927,0.0,0.0,0.0,0.0,0.0,0.0,0.25,0.0,7.0,0.23,0
1756460163,928,0.0,0.0,0.0,0.0,0.0,0.0,1.0,0.0,0.0,0.0,0
1756460163,929,0.0,0.0,0.0,0.0,0.0,0.0,1.0,0.0,3.0,0.2,0
1756460163,930,0.0,0.0,0.0,0.0,0.0,0.0,1.0,0.0,3.0,0.12,0
1756460163,931,0.0,0.0,0.0,0.0,0.0,0.0,1.0,0.0,2.0,0.05,0
1756460163,932,0.0,0.0,0.0,0.0,0.0,0.0,1.0,0.0,3.0,0.0,0
1756460163,933,0.0,0.0,0.0,0.0,0.0,0.0,0.0,0.0,0.0,0.34,0
1756460163,934,0.0,0.0,0.0,0.0,0.0,0.0,0.75,0.0,4.0,0.0,0
1756460163,935,0.0,0.0,0.0,0.0,0.0,0.0,1.0,0.0,1.0,0.0,0
1756460163,936,0.0,0.0,0.0,0.0,0.0,0.0,0.1,0.0,4.0,0.23,0
1756460164,937,0.0,0.0,0.0,0.0,0.0,0.0,0.55,0.0,2.0,0.1,0
1756460164,938,0.0,0.0,0.0,0.0,0.0,0.0,1.0,0.0,2.0,0.1,0
1756460164,939,0.0,0.0,0.0,0.0,0.0,0.0,1.0,0.0,0.0,0.1,0
1756460164,940,0.0,0.0,0.0,0.0,0.0,0.0,1.0,0.0,1.0,0.02,0
1756460164,941,0.0,0.0,0.0,0.0,0.0,0.0,1.0,0.0,2.0,0.05,0
1756460164,942,0.0,0.0,0.0,0.0,0.0,0.0,1.0,0.0,0.0,0.0,0
1756460164,943,0.0,0.0,0.0,0.0,0.0,0.0,1.0,0.0,1.0,0.1,0
1756460164,944,0.0,0.0,0.0,0.0,0.0,0.0,1.0,0.0,3.0,0.02,0
1756460164,945,0.0,0.0,0.0,0.0,0.0,0.0,1.0,0.0,1.0,0.05,0
1756460164,946,0.0,0.0,0.0,0.0,0.0,0.0,1.0,0.0,2.0,0.0,0
1756460164,947,0.0,0.0,0.0,0.0,0.0,0.0,1.0,0.0,3.0,0.02,0
1756460164,948,0.0,0.0,0.0,0.0,0.0,0.0,1.0,0.0,2.0,0.1,0
1756460164,949,0.0,0.0,0.0,0.0,0.0,0.0,0.0,0.0,0.0,0.27,0
1756460164,950,0.0,0.0,0.0,0.0,0.0,0.0,0.8,0.0,3.0,0.1,0
1756460164,951,0.0,0.0,0.0,0.0,0.0,0.0,1.0,0.0,7.0,0.2,0
1756460164,952,0.0,0.0,0.0,0.0,0.0,0.0,1.0,0.0,2.0,0.2,0
1756460164,953,0.0,0.0,0.0,0.0,0.0,0.0,1.0,0.0,2.0,0.05,0
1756460164,954,0.0,0.0,0.0,0.0,0.0,0.0,1.0,0.0,1.0,0.0,0
1756460164,955,0.0,0.0,0.0,0.0,0.0,0.0,1.0,0.0,2.0,0.1,0
1756460164,956,0.0,0.0,0.0,0.0,0.0,0.0,1.0,0.0,0.0,0.05,0
1756460164,957,0.0,0.0,0.0,0.0,0.0,0.0,1.0,0.0,0.0,0.0,0
1756460164,958,0.0,0.0,0.0,0.0,0.0,0.0,1.0,0.0,0.0,0.0,0
1756460164,959,0.0,0.0,0.0,0.0,0.0,0.0,1.0,0.0,1.0,0.1,0
1756460164,960,0.0,0.0,0.0,0.0,0.0,0.0,1.0,0.0,1.0,0.02,0
1756460164,961,0.0,0.0,0.0,0.0,0.0,0.0,0.0,0.0,5.0,0.27,0
1756460164,962,0.0,0.0,0.0,0.0,0.0,0.0,0.2,0.0,1.0,0.02,0
1756460164,963,0.0,0.0,0.0,0.0,0.0,0.0,0.89,0.0,0.0,0.1,0
1756460164,964,0.0,0.0,0.0,0.0,0.0,0.0,1.0,0.0,1.0,0.1,0
1756460164,965,0.0,0.0,0.0,0.0,0.0,0.0,1.0,0.0,1.0,0.1,0
1756460164,966,0.0,0.0,0.0,0.0,0.0,0.0,1.0,0.0,4.0,0.17,0
1756460164,967,0.0,0.0,0.0,0.0,0.0,0.0,0.3,0.0,2.0,0.02,0
1756460164,968,0.0,0.0,0.0,0.0,0.0,0.0,0.82,0.0,2.0,0.05,0
1756460164,969,0.0,0.0,0.0,0.0,0.0,0.0,1.0,0.0,0.0,0.12,0
1756460164,970,0.0,0.0,0.0,0.0,0.0,0.0,1.0,0.0,1.0,0.1,0
1756460164,971,0.0,0.0,0.0,0.0,0.0,0.0,1.0,0.0,0.0,0.1,0
1756460164,972,0.0,0.0,0.0,0.0,0.0,0.0,1.0,0.0,1.0,0.0,0
1756460164,973,0.0,0.0,0.0,0.0,0.0,0.0,1.0,0.0,2.0,0.05,0
1756460164,974,0.0,0.0,0.0,0.0,0.0,0.0,1.0,0.0,0.0,0.0,0
1756460164,975,0.0,0.0,0.0,0.0,0.0,0.0,0.12,0.0,1.0,0.02,0
1756460164,976,0.0,0.0,0.0,0.0,0.0,0.0,0.66,0.0,2.0,0.02,0
1756460164,977,0.0,0.0,0.0,0.0,0.0,0.0,1.0,0.0,1.0,0.05,0
1756460164,978,0.0,0.0,0.0,0.0,0.0,0.0,0.1,0.0,3.0,0.12,0
1756460164,979,0.0,0.0,0.0,0.0,0.0,0.0,0.82,0.0,1.0,0.02,0
1756460164,980,0.0,0.0,0.0,0.0,0.0,0.0,1.0,0.0,1.0,0.0,0
1756460164,981,0.0,0.0,0.0,0.0,0.0,0.0,1.0,0.0,0.0,0.0,0
1756460164,982,0.0,0.0,0.0,0.0,0.0,0.0,1.0,0.0,1.0,0.02,0
1756460164,983,0.0,0.0,0.0,0.0,0.0,0.0,1.0,0.0,3.0,0.1,0
1756460164,984,0.0,0.0,0.0,0.0,0.0,0.0,0.07,0.0,0.0,0.05,0
1756460164,985,0.0,0.0,0.0,0.0,0.0,0.0,0.28,0.0,2.0,0.2,0
1756460164,986,0.0,0.0,0.0,0.0,0.0,0.0,0.47,0.0,4.0,0.05,0
1756460164,987,0.0,0.0,0.0,0.0,0.0,0.0,0.68,0.0,1.0,0.1,0
1756460164,988,0.0,0.0,0.0,0.0,0.0,0.0,0.0,0.0,2.0,0.27,0
1756460164,989,0.0,0.0,0.0,0.0,0.0,0.0,0.2,0.0,1.0,0.0,0
1756460164,990,0.0,0.0,0.0,0.0,0.0,0.0,0.43,0.0,1.0,0.05,0
1756460164,991,0.0,0.0,0.0,0.0,0.0,0.0,0.64,0.0,7.0,0.05,0
1756460164,992,0.0,0.0,0.0,0.0,0.0,0.0,0.87,0.0,3.0,0.0,0
1756460164,993,0.0,0.0,0.0,0.0,0.0,0.0,1.0,0.0,3.0,0.05,0
1756460164,994,0.0,0.0,0.0,0.0,0.0,0.0,0.0,0.0,3.0,0.62,0
1756460164,995,0.0,0.0,0.0,0.0,0.0,0.0,0.17,0.0,2.0,0.1,0
1756460164,996,0.0,0.0,0.0,0.0,0.0,0.0,0.34,0.0,3.0,0.1,0
1756460164,997,0.0,0.0,0.0,0.0,0.0,0.0,0.51,0.0,1.0,0.1,0
1756460165,998,0.0,0.0,0.0,0.0,0.0,0.0,0.01,0.0,1.0,0.05,0
1756460165,999,0.0,0.0,0.0,0.0,0.0,0.0,0.02,0.0,2.0,0.1,0
1756460165,1000,0.0,0.0,0.0,0.0,0.0,0.0,0.31,0.0,1.0,0.05,0
1756460165,1001,0.0,0.0,0.0,0.0,0.0,0.0,0.56,0.0,0.0,0.1,0
1756460165,1002,0.0,0.0,0.0,0.0,0.0,0.0,0.85,0.0,2.0,0.23,0
1756460165,1003,0.0,0.0,0.0,0.0,0.0,0.0,1.0,0.0,0.0,0.02,0
1756460165,1004,0.0,0.0,0.0,0.0,0.0,0.0,1.0,0.0,0.0,0.1,0
1756460165,1005,0.0,0.0,0.0,0.0,0.0,0.0,1.0,0.0,2.0,0.05,0
1756460165,1006,0.0,0.0,0.0,0.0,0.0,0.0,1.0,0.0,2.0,0.1,0
1756460165,1007,0.0,0.0,0.0,0.0,0.0,0.0,1.0,0.0,0.0,0.1,0
1756460165,1008,0.0,0.0,0.0,0.0,0.0,0.0,1.0,0.0,2.0,0.17,0
1756460165,1009,0.0,0.0,0.0,0.0,0.0,0.0,1.0,0.0,2.0,0.1,0
1756460165,1010,0.0,0.0,0.0,0.0,0.0,0.0,1.0,0.0,0.0,0.0,0
1756460165,1011,0.0,0.0,0.0,0.0,0.0,0.0,1.0,0.0,0.0,0.0,0
1756460165,1012,0.0,0.0,0.0,0.0,0.0,0.0,1.0,0.0,0.0,0.1,0
1756460165,1013,0.0,0.0,0.0,0.0,0.0,0.0,1.0,0.0,2.0,0.02,0
1756460165,1014,0.0,0.0,0.0,0.0,0.0,0.0,1.0,0.0,2.0,0.02,0
1756460165,1015,0.0,0.0,0.0,0.0,0.0,0.0,1.0,0.0,1.0,0.0,0
1756460165,1016,0.0,0.0,0.0,0.0,0.0,0.0,0.15,0.0,1.0,0.05,0
1756460165,1017,0.0,0.0,0.0,0.0,0.0,0.0,0.46,0.0,3.0,0.02,0
1756460165,1018,0.0,0.0,0.0,0.0,0.0,0.0,0.74,0.0,4.0,0.05,0
1756460165,1019,0.0,0.0,0.0,0.0,0.0,0.0,1.0,0.0,2.0,0.17,0
1756460165,1020,0.0,0.0,0.0,0.0,0.0,0.0,1.0,0.0,1.0,0.0,0
1756460165,1021,0.0,0.0,0.0,1.0,0.0,0.0,1.0,0.0,1.0,0.05,0
1756460165,1022,0.0,0.0,0.0,1.0,0.0,0.0,0.0,0.0,9.0,0.5,0
1756460165,1023,0.0,0.0,0.0,1.0,0.0,0.0,0.27,0.0,2.0,0.17,0
1756460165,1024,0.0,0.0,0.0,1.0,0.0,0.0,0.55,0.0,2.0,0.1,0
1756460165,1025,0.0,0.0,0.0,1.0,0.0,0.0,0.81,0.0,0.0,0.05,0
1756460165,1026,0.0,0.0,0.0,1.0,0.0,0.0,1.0,0.0,0.0,0.1,0
1756460165,1027,0.0,0.0,0.0,1.0,0.0,0.0,1.0,0.0,0.0,0.2,0
1756460165,1028,0.0,0.0,0.0,1.0,0.0,0.0,1.0,0.0,2.0,0.17,0
1756460165,1029,0.0,0.0,0.0,1.0,0.0,0.0,1.0,0.0,0.0,0.05,0
1756460165,1030,0.0,0.0,0.0,1.0,0.0,0.0,1.0,0.0,1.0,0.05,0
1756460165,1031,0.0,0.0,0.0,1.0,0.0,0.0,1.0,0.0,2.0,0.1,0
1756460165,1032,0.0,0.0,0.0,1.0,0.0,0.0,0.0,0.0,1.0,0.47,0
1756460165,1033,0.0,0.0,0.0,1.0,0.0,0.0,0.15,0.0,2.0,0.12,0
1756460165,1034,0.0,0.0,0.0,1.0,0.0,0.0,0.33,0.0,1.0,0.05,0
1756460165,1035,0.0,0.0,0.0,1.0,0.0,0.0,0.47,0.0,2.0,0.05,0
1756460165,1036,0.0,0.0,0.0,1.0,0.0,0.0,0.63,0.0,2.0,0.12,0
1756460165,1037,0.0,0.0,0.0,1.0,0.0,0.0,0.79,0.0,1.0,0.0,0
1756460165,1038,0.0,0.0,0.0,1.0,0.0,0.0,0.1,0.0,1.0,0.0,0
1756460165,1039,0.0,0.0,0.0,1.0,0.0,0.0,0.23,0.0,0.0,0.12,0
1756460165,1040,0.0,0.0,0.0,1.0,0.0,0.0,0.37,0.0,2.0,0.05,0
1756460165,1041,0.0,0.0,0.0,1.0,0.0,0.0,0.5,0.0,0.0,0.0,0
1756460165,1042,0.0,0.0,0.0,1.0,0.0,0.0,0.62,0.0,4.0,0.0,0
1756460165,1043,0.0,0.0,0.0,1.0,0.0,0.0,0.75,0.0,2.0,0.1,0
1756460165,1044,0.0,0.0,0.0,1.0,0.0,0.0,0.87,0.0,2.0,0.0,0
1756460165,1045,0.0,0.0,0.0,1.0,0.0,0.0,1.0,0.0,1.0,0.17,0
1756460165,1046,0.0,0.0,0.0,1.0,0.0,0.0,1.0,0.0,2.0,0.02,0
1756460165,1047,0.0,0.0,0.0,1.0,0.0,0.0,1.0,0.0,0.0,0.0,0
1756460165,1048,0.0,0.0,0.0,1.0,0.0,0.0,1.0,0.0,3.0,0.0,0
1756460165,1049,0.0,0.0,0.0,1.0,0.0,0.0,1.0,0.0,0.0,0.1,0
1756460165,1050,0.0,0.0,0.0,1.0,0.0,0.0,1.0,0.0,4.0,0.1,0
1756460165,1051,0.0,0.0,0.0,1.0,0.0,0.0,0.02,0.0,1.0,0.1,0
1756460165,1052,0.0,0.0,0.0,1.0,0.0,0.0,0.12,0.0,0.0,0.0,0
1756460165,1053,0.0,0.0,0.0,1.0,0.0,0.0,0.23,0.0,1.0,0.0,0
1756460165,1054,0.0,0.0,0.0,1.0,0.0,0.0,0.07,0.0,3.0,0.1,0
1756460165,1055,0.0,0.0,0.0,1.0,0.0,0.0,0.2,0.0,1.0,0.05,0
1756460165,1056,0.0,0.0,0.0,1.0,0.0,0.0,0.34,0.0,2.0,0.0,0
1756460165,1057,0.0,0.0,0.0,1.0,0.0,0.0,0.07,0.0,2.0,0.05,0
1756460165,1058,0.0,0.0,0.0,1.0,0.0,0.0,0.21,0.0,1.0,0.05,0
1756460165,1059,0.0,0.0,0.0,1.0,0.0,0.0,0.0,0.0,1.0,0.27,0
1756460165,1060,0.0,0.0,0.0,1.0,0.0,0.0,0.73,0.0,6.0,0.17,0
1756460165,1061,0.0,0.0,0.0,1.0,0.0,0.0,1.0,0.0,2.0,0.05,0
1756460166,1062,0.0,0.0,0.0,1.0,0.0,0.0,1.0,0.0,4.0,0.12,0
1756460166,1063,0.0,0.0,0.0,1.0,0.0,0.0,1.0,0.0,6.0,0.05,0
1756460166,1064,0.0,0.0,0.0,1.0,0.0,0.0,1.0,0.0,2.0,0.1,0
1756460166,1065,0.0,0.0,0.0,1.0,0.0,0.0,1.0,0.0,0.0,0.0,0
1756460166,1066,0.0,0.0,0.0,1.0,0.0,0.0,1.0,0.0,5.0,0.0,0
1756460166,1067,0.0,0.0,0.0,1.0,0.0,0.0,0.2,0.0,2.0,0.1,0
1756460166,1068,0.0,0.0,0.0,1.0,0.0,0.0,0.57,0.0,2.0,0.02,0
1756460166,1069,0.0,0.0,0.0,1.0,0.0,0.0,0.94,0.0,2.0,0.02,0
1756460166,1070,0.0,0.0,0.0,1.0,0.0,0.0,0.01,0.0,2.0,0.0,0
1756460166,1071,0.0,0.0,0.0,1.0,0.0,0.0,0.34,0.0,2.0,0.05,0
1756460166,1072,0.0,0.0,0.0,1.0,0.0,0.0,0.64,0.0,2.0,0.05,0
1756460166,1073,0.0,0.0,0.0,1.0,0.0,0.0,0.97,0.0,0.0,0.0,0
1756460166,1074,0.0,0.0,0.0,1.0,0.0,0.0,0.07,0.0,2.0,0.1,0
1756460166,1075,0.0,0.0,0.0,1.0,0.0,0.0,0.37,0.0,4.0,0.17,0
1756460166,1076,0.0,0.0,0.0,1.0,0.0,0.0,0.68,0.0,0.0,0.1,0
1756460166,1077,0.0,0.0,0.0,1.0,0.0,0.0,1.0,0.0,3.0,0.17,0
1756460166,1078,0.0,0.0,0.0,1.0,0.0,0.0,1.0,0.0,2.0,0.02,0
1756460166,1079,0.0,0.0,0.0,1.0,0.0,0.0,1.0,0.0,3.0,0.1,0
1756460166,1080,0.0,0.0,0.0,1.0,0.0,0.0,1.0,0.0,0.0,0.1,0
1756460166,1081,0.0,0.0,0.0,1.0,0.0,0.0,1.0,0.0,2.0,0.05,0
1756460166,1082,0.0,0.0,0.0,1.0,0.0,0.0,1.0,0.0,3.0,0.1,0
1756460166,1083,0.0,0.0,0.0,1.0,0.0,0.0,1.0,0.0,2.0,0.05,0
1756460166,1084,0.0,0.0,0.0,1.0,0.0,0.0,1.0,0.0,12.0,0.05,0
1756460166,1085,0.0,0.0,0.0,1.0,0.0,0.0,1.0,0.0,1.0,0.1,0
1756460166,1086,0.0,0.0,0.0,1.0,0.0,0.0,1.0,0.0,2.0,0.2,0
1756460166,1087,0.0,0.0,0.0,1.0,0.0,0.0,1.0,0.0,1.0,0.1,0
1756460166,1088,0.0,0.0,0.0,1.0,0.0,0.0,1.0,0.0,0.0,0.0,0
1756460166,1089,0.0,0.0,0.0,1.0,0.0,0.0,1.0,0.0,0.0,0.05,0
1756460166,1090,0.0,0.0,0.0,1.0,0.0,0.0,1.0,0.0,0.0,0.0,0
1756460166,1091,0.0,0.0,0.0,1.0,0.0,0.0,0.07,0.0,3.0,0.23,0
1756460166,1092,0.0,0.0,0.0,1.0,0.0,0.0,0.36,0.0,2.0,0.02,0
1756460166,1093,0.0,0.0,0.0,1.0,0.0,0.0,0.67,0.0,5.0,0.23,0
1756460166,1094,0.0,0.0,0.0,1.0,0.0,0.0,1.0,0.0,2.0,0.0,0
1756460166,1095,0.0,0.0,0.0,1.0,0.0,0.0,1.0,0.0,10.0,0.05,0
1756460166,1096,0.0,0.0,0.0,1.0,0.0,0.0,1.0,0.0,4.0,0.0,0
1756460166,1097,0.0,0.0,0.0,1.0,0.0,0.0,0.07,0.0,7.0,0.12,0
1756460166,1098,0.0,0.0,0.0,1.0,0.0,0.0,0.37,0.0,3.0,0.1,0
1756460166,1099,0.0,0.0,0.0,1.0,0.0,0.0,0.7,0.0,2.0,0.05,0
1756460166,1100,0.0,0.0,0.0,1.0,0.0,0.0,1.0,0.0,0.0,0.17,0
1756460166,1101,0.0,0.0,0.0,1.0,0.0,0.0,1.0,0.0,2.0,0.0,0
1756460166,1102,0.0,0.0,0.0,1.0,0.0,0.0,1.0,0.0,2.0,0.0,0
1756460166,1103,0.0,0.0,0.0,1.0,0.0,0.0,1.0,0.0,0.0,0.0,0
1756460166,1104,0.0,0.0,0.0,1.0,0.0,0.0,1.0,0.0,2.0,0.23,0
1756460166,1105,0.0,0.0,0.0,1.0,0.0,0.0,1.0,0.0,2.0,0.0,0
1756460166,1106,0.0,0.0,0.0,1.0,0.0,0.0,0.1,0.0,2.0,0.05,0
1756460166,1107,0.0,0.0,0.0,1.0,0.0,0.0,0.4,0.0,2.0,0.23,0
1756460166,1108,0.0,0.0,0.0,1.0,0.0,0.0,0.7,0.0,3.0,0.0,0
1756460166,1109,0.0,0.0,0.0,1.0,0.0,0.0,1.0,0.0,1.0,0.05,0
1756460166,1110,0.0,0.0,0.0,1.0,0.0,0.0,0.0,0.0,1.0,0.62,0
1756460166,1111,0.0,0.0,0.0,1.0,0.0,0.0,0.27,0.0,1.0,0.05,0
1756460166,1112,0.0,0.0,0.0,1.0,0.0,0.0,0.03,0.0,0.0,0.1,0
1756460166,1113,0.0,0.0,0.0,1.0,0.0,0.0,0.36,0.0,1.0,0.1,0
1756460166,1114,0.0,0.0,0.0,1.0,0.0,0.0,0.66,0.0,2.0,0.05,0
1756460166,1115,0.0,0.0,0.0,1.0,0.0,0.0,0.15,0.0,0.0,0.02,0
1756460166,1116,0.0,0.0,0.0,1.0,0.0,0.0,0.41,0.0,2.0,0.1,0
1756460166,1117,0.0,0.0,0.0,1.0,0.0,0.0,1.0,0.0,0.0,0.0,0
1756460166,1118,0.0,0.0,0.0,1.0,0.0,0.0,1.0,0.0,1.0,0.02,0
1756460166,1119,0.0,0.0,0.0,1.0,0.0,0.0,0.18,0.0,3.0,0.12,0
1756460166,1120,0.0,0.0,0.0,1.0,0.0,0.0,1.0,0.0,0.0,0.1,0
1756460167,1121,0.0,0.0,0.0,1.0,0.0,0.0,1.0,0.0,2.0,0.0,0
1756460167,1122,0.0,0.0,0.0,1.0,0.0,0.0,1.0,0.0,2.0,0.1,0
1756460167,1123,0.0,0.0,0.0,1.0,0.0,0.0,0.2,0.0,3.0,0.2,0
1756460167,1124,0.0,0.0,0.0,1.0,0.0,0.0,1.0,0.0,1.0,0.0,0
1756460167,1125,0.0,0.0,0.0,1.0,0.0,0.0,1.0,0.0,1.0,0.0,0
1756460167,1126,0.0,0.0,0.0,1.0,0.0,0.0,1.0,0.0,1.0,0.05,0
1756460167,1127,0.0,0.0,0.0,1.0,0.0,0.0,1.0,0.0,0.0,0.1,0
1756460167,1128,0.0,0.0,0.0,1.0,0.0,0.0,1.0,0.0,0.0,0.0,0
1756460167,1129,0.0,0.0,0.0,1.0,0.0,0.0,0.2,0.0,5.0,0.0,0
1756460167,1130,0.0,0.0,0.0,1.0,0.0,0.0,0.93,0.0,0.0,0.1,0
1756460167,1131,0.0,0.0,0.0,1.0,0.0,0.0,1.0,0.0,3.0,0.2,0
1756460167,1132,0.0,0.0,0.0,1.0,0.0,0.0,1.0,0.0,2.0,0.1,0
1756460167,1133,0.0,0.0,0.0,1.0,0.0,0.0,1.0,0.0,2.0,0.05,0
1756460167,1134,0.0,0.0,0.0,1.0,0.0,0.0,0.0,0.0,1.0,0.43,0
1756460167,1135,0.0,0.0,0.0,1.0,0.0,0.0,0.34,0.0,4.0,0.05,0
1756460167,1136,0.0,0.0,0.0,1.0,0.0,0.0,0.68,0.0,2.0,0.05,0
1756460167,1137,0.0,0.0,0.0,1.0,0.0,0.0,1.0,0.0,0.0,0.0,0
1756460167,1138,0.0,0.0,0.0,1.0,0.0,0.0,1.0,0.0,2.0,0.05,0
1756460167,1139,0.0,0.0,0.0,1.0,0.0,0.0,0.02,0.0,1.0,0.02,0
1756460167,1140,0.0,0.0,0.0,1.0,0.0,0.0,0.31,0.0,2.0,0.12,0
1756460167,1141,0.0,0.0,0.0,1.0,0.0,0.0,0.61,0.0,1.0,0.02,0
1756460167,1142,0.0,0.0,0.0,1.0,0.0,0.0,0.87,0.0,1.0,0.0,0
1756460167,1143,0.0,0.0,0.0,1.0,0.0,0.0,1.0,0.0,1.0,0.0,0
1756460167,1144,0.0,0.0,0.0,1.0,0.0,0.0,1.0,0.0,0.0,0.0,0
1756460167,1145,0.0,0.0,0.0,0.0,0.0,0.0,1.0,0.0,3.0,0.02,0
1756460167,1146,0.0,0.0,0.0,0.0,0.0,0.0,1.0,0.0,1.0,0.0,0
1756460167,1147,0.0,0.0,0.0,0.0,0.0,0.0,1.0,0.0,4.0,0.1,0
1756460167,1148,0.0,0.0,0.0,0.0,0.0,0.0,1.0,0.0,2.0,0.1,0
1756460167,1149,0.0,0.0,0.0,0.0,0.0,0.0,1.0,0.0,0.0,0.0,0
1756460167,1150,0.0,0.0,0.0,0.0,0.0,0.0,1.0,0.0,2.0,0.02,0
1756460167,1151,0.0,0.0,0.0,0.0,0.0,0.0,1.0,0.0,0.0,0.0,0
1756460167,1152,0.0,0.0,0.0,0.0,0.0,0.0,1.0,0.0,0.0,0.0,0
1756460167,1153,0.0,0.0,0.0,0.0,0.0,0.0,0.09,0.0,2.0,0.05,0
1756460167,1154,0.0,0.0,0.0,0.0,0.0,0.0,0.7,0.0,4.0,0.02,0
1756460167,1155,0.0,0.0,0.0,0.0,0.0,0.0,1.0,0.0,1.0,0.0,0
1756460167,1156,0.0,0.0,0.0,0.0,0.0,0.0,1.0,0.0,2.0,0.05,0
1756460167,1157,0.0,0.0,0.0,0.0,0.0,0.0,1.0,0.0,5.0,0.23,0
1756460167,1158,0.0,0.0,0.0,0.0,0.0,0.0,1.0,0.0,0.0,0.05,0
1756460167,1159,0.0,0.0,0.0,0.0,0.0,0.0,1.0,0.0,3.0,0.17,0
1756460167,1160,0.0,0.0,0.0,0.0,0.0,0.0,1.0,0.0,3.0,0.0,0
1756460167,1161,0.0,0.0,0.0,0.0,0.0,0.0,1.0,0.0,6.0,0.1,0
1756460167,1162,0.0,0.0,0.0,0.0,0.0,0.0,1.0,0.0,3.0,0.12,0
1756460167,1163,0.0,0.0,0.0,0.0,0.0,0.0,1.0,0.0,0.0,0.05,0
1756460167,1164,0.0,0.0,0.0,0.0,0.0,0.0,1.0,0.0,5.0,0.02,0
1756460167,1165,0.0,0.0,0.0,0.0,0.0,0.0,0.41,0.0,0.0,0.02,0
1756460167,1166,0.0,0.0,0.0,0.0,0.0,0.0,0.68,0.0,2.0,0.05,0
1756460167,1167,0.0,0.0,0.0,0.0,0.0,0.0,0.98,0.0,1.0,0.0,0
1756460167,1168,0.0,0.0,0.0,0.0,0.0,0.0,1.0,0.0,0.0,0.0,0
1756460167,1169,0.0,0.0,0.0,0.0,0.0,0.0,1.0,0.0,1.0,0.17,0
1756460167,1170,0.0,0.0,0.0,0.0,0.0,0.0,1.0,0.0,2.0,0.1,0
1756460167,1171,0.0,0.0,0.0,0.0,0.0,0.0,1.0,0.0,2.0,0.1,0
1756460167,1172,0.0,0.0,0.0,0.0,0.0,0.0,0.0,0.0,0.0,0.34,0
1756460167,1173,0.0,0.0,0.0,0.0,0.0,0.0,0.15,0.0,2.0,0.1,0
1756460167,1174,0.0,0.0,0.0,0.0,0.0,0.0,0.33,0.0,0.0,0.05,0
1756460167,1175,0.0,0.0,0.0,0.0,0.0,0.0,0.05,0.0,4.0,0.02,0
1756460167,1176,0.0,0.0,0.0,0.0,0.0,0.0,0.23,0.0,0.0,0.0,0
1756460167,1177,0.0,0.0,0.0,0.0,0.0,0.0,0.41,0.0,5.0,0.05,0
1756460167,1178,0.0,0.0,0.0,0.0,0.0,0.0,0.62,0.0,0.0,0.17,0
1756460167,1179,0.0,0.0,0.0,0.0,0.0,0.0,0.81,0.0,0.0,0.0,0
1756460167,1180,0.0,0.0,0.0,0.0,0.0,0.0,1.0,0.0,2.0,0.05,0
1756460167,1181,0.0,0.0,0.0,0.0,0.0,0.0,0.05,0.0,1.0,0.1,0
1756460167,1182,0.0,0.0,0.0,0.0,0.0,0.0,0.11,0.0,4.0,0.0,0
1756460167,1183,0.0,0.0,0.0,0.0,0.0,0.0,0.41,0.0,0.0,0.05,0
1756460167,1184,0.0,0.0,0.0,0.0,0.0,0.0,1.0,0.0,2.0,0.05,0
1756460167,1185,0.0,0.0,0.0,0.0,0.0,0.0,1.0,0.0,2.0,0.05,0
1756460168,1186,0.0,0.0,0.0,0.0,0.0,0.0,1.0,0.0,0.0,0.0,0
1756460168,1187,0.0,0.0,0.0,0.0,0.0,0.0,1.0,0.0,3.0,0.2,0
1756460168,1188,0.0,0.0,0.0,0.0,0.0,0.0,0.15,0.0,0.0,0.0,0
1756460168,1189,0.0,0.0,0.0,0.0,0.0,0.0,0.37,0.0,3.0,0.05,0
1756460168,1190,0.0,0.0,0.0,0.0,0.0,0.0,0.57,0.0,4.0,0.12,0
1756460168,1191,0.0,0.0,0.0,0.0,0.0,0.0,1.0,0.0,2.0,0.0,0
1756460168,1192,0.0,0.0,0.0,0.0,0.0,0.0,1.0,0.0,2.0,0.1,0
1756460168,1193,0.0,0.0,0.0,0.0,0.0,0.0,1.0,0.0,0.0,0.05,0
1756460168,1194,0.0,0.0,0.0,0.0,0.0,0.0,1.0,0.0,5.0,0.02,0
1756460168,1195,0.0,0.0,0.0,0.0,0.0,0.0,1.0,0.0,0.0,0.05,0
1756460168,1196,0.0,0.0,0.0,0.0,0.0,0.0,1.0,0.0,1.0,0.0,0
1756460168,1197,0.0,0.0,0.0,0.0,0.0,0.0,1.0,0.0,2.0,0.1,0
1756460168,1198,0.0,0.0,0.0,0.0,0.0,0.0,1.0,0.0,0.0,0.17,0
1756460168,1199,0.0,0.0,0.0,0.0,0.0,0.0,1.0,0.0,2.0,0.0,0
1756460168,1200,0.0,0.0,0.0,0.0,0.0,0.0,0.12,0.0,3.0,0.02,0
1756460168,1201,0.0,0.0,0.0,0.0,0.0,0.0,0.0,0.0,10.0,0.47,0
1756460168,1202,0.0,0.0,0.0,0.0,0.0,0.0,0.28,0.0,0.0,0.1,0
1756460168,1203,0.0,0.0,0.0,0.0,0.0,0.0,0.61,0.0,0.0,0.0,0
1756460168,1204,0.0,0.0,0.0,0.0,0.0,0.0,0.93,0.0,0.0,0.0,0
1756460168,1205,0.0,0.0,0.0,0.0,0.0,0.0,1.0,0.0,1.0,0.05,0
1756460168,1206,0.0,0.0,0.0,0.0,0.0,0.0,1.0,0.0,1.0,0.1,0
1756460168,1207,0.0,0.0,0.0,0.0,0.0,0.0,1.0,0.0,3.0,0.1,0
1756460168,1208,0.0,0.0,0.0,0.0,0.0,0.0,1.0,0.0,1.0,0.0,0
1756460168,1209,0.0,0.0,0.0,0.0,0.0,0.0,1.0,0.0,3.0,0.05,0
1756460168,1210,0.0,0.0,0.0,0.0,0.0,0.0,1.0,0.0,2.0,0.12,0
1756460168,1211,0.0,0.0,0.0,0.0,0.0,0.0,1.0,0.0,2.0,0.0,0
1756460168,1212,0.0,0.0,0.0,0.0,0.0,0.0,1.0,0.0,2.0,0.0,0
1756460168,1213,0.0,0.0,0.0,0.0,0.0,0.0,0.07,0.0,1.0,0.0,0
1756460168,1214,0.0,0.0,0.0,0.0,0.0,0.0,0.21,0.0,2.0,0.1,0
1756460168,1215,0.0,0.0,0.0,0.0,0.0,0.0,0.09,0.0,2.0,0.05,0
1756460168,1216,0.0,0.0,0.0,0.0,0.0,0.0,0.28,0.0,3.0,0.0,0
1756460168,1217,0.0,0.0,0.0,0.0,0.0,0.0,0.47,0.0,4.0,0.0,0
1756460168,1218,0.0,0.0,0.0,0.0,0.0,0.0,0.68,0.0,2.0,0.1,0
1756460168,1219,0.0,0.0,0.0,0.0,0.0,0.0,0.88,0.0,2.0,0.02,0
1756460168,1220,0.0,0.0,0.0,0.0,0.0,0.0,1.0,0.0,5.0,0.12,0
1756460168,1221,0.0,0.0,0.0,0.0,0.0,0.0,1.0,0.0,2.0,0.0,0
1756460168,1222,0.0,0.0,0.0,0.0,0.0,0.0,1.0,0.0,2.0,0.0,0
1756460168,1223,0.0,0.0,0.0,0.0,0.0,0.0,1.0,0.0,1.0,0.05,0
1756460168,1224,0.0,0.0,0.0,0.0,0.0,0.0,1.0,0.0,2.0,0.17,0
1756460168,1225,0.0,0.0,0.0,0.0,0.0,0.0,1.0,0.0,1.0,0.17,0
1756460168,1226,0.0,0.0,0.0,0.0,0.0,0.0,1.0,0.0,0.0,0.0,0
1756460168,1227,0.0,0.0,0.0,0.0,0.0,0.0,1.0,0.0,2.0,0.0,0
1756460168,1228,0.0,0.0,0.0,0.0,0.0,0.0,1.0,0.0,3.0,0.2,0
1756460168,1229,0.0,0.0,0.0,0.0,0.0,0.0,1.0,0.0,2.0,0.02,0
1756460168,1230,0.0,0.0,0.0,0.0,0.0,0.0,1.0,0.0,0.0,0.0,0
1756460168,1231,0.0,0.0,0.0,0.0,0.0,0.0,1.0,0.0,1.0,0.2,0
1756460168,1232,0.0,0.0,0.0,0.0,0.0,0.0,0.0,0.0,6.0,0.27,0
1756460168,1233,0.0,0.0,0.0,0.0,0.0,0.0,0.09,0.0,0.0,0.0,0
1756460168,1234,0.0,0.0,0.0,0.0,0.0,0.0,0.03,0.0,5.0,0.2,0
1756460168,1235,0.0,0.0,0.0,0.0,0.0,0.0,0.18,0.0,3.0,0.17,0
1756460168,1236,0.0,0.0,0.0,0.0,0.0,0.0,0.46,0.0,3.0,0.02,0
1756460168,1237,0.0,0.0,0.0,0.0,0.0,0.0,0.62,0.0,2.0,0.0,0
1756460168,1238,0.0,0.0,0.0,0.0,0.0,0.0,0.75,0.0,0.0,0.12,0
1756460168,1239,0.0,0.0,0.0,0.0,0.0,0.0,0.91,0.0,0.0,0.0,0
1756460168,1240,0.0,0.0,0.0,0.0,0.0,0.0,1.0,0.0,0.0,0.1,0
1756460168,1241,0.0,0.0,0.0,0.0,0.0,0.0,1.0,0.0,2.0,0.05,0
1756460168,1242,0.0,0.0,0.0,0.0,0.0,0.0,1.0,0.0,2.0,0.0,0
1756460168,1243,0.0,0.0,0.0,0.0,0.0,0.0,1.0,0.0,0.0,0.12,0
1756460168,1244,0.0,0.0,0.0,0.0,0.0,0.0,1.0,0.0,0.0,0.0,0
1756460168,1245,0.0,0.0,0.0,0.0,0.0,0.0,1.0,0.0,1.0,0.05,0
1756460168,1246,0.0,0.0,0.0,0.0,0.0,0.0,0.0,0.0,4.0,0.0,0
1756460168,1247,0.0,0.0,0.0,0.0,0.0,0.0,0.1,0.0,0.0,0.17,0
1756460168,1248,0.0,0.0,0.0,0.0,0.0,0.0,0.18,0.0,2.0,0.2,0
1756460169,1249,0.0,0.0,0.0,0.0,0.0,0.0,0.28,0.0,1.0,0.05,0
1756460169,1250,0.0,0.0,0.0,0.0,0.0,0.0,0.37,0.0,3.0,0.05,0
1756460169,1251,0.0,0.0,0.0,0.0,0.0,0.0,0.46,0.0,1.0,0.05,0
1756460169,1252,0.0,0.0,0.0,0.0,0.0,0.0,0.56,0.0,5.0,0.02,0
1756460169,1253,0.0,0.0,0.0,0.0,0.0,0.0,0.64,0.0,0.0,0.0,0
1756460169,1254,0.0,0.0,0.0,0.0,0.0,0.0,0.09,0.0,2.0,0.12,0
1756460169,1255,0.0,0.0,0.0,0.0,0.0,0.0,0.23,0.0,2.0,0.17,0
1756460169,1256,0.0,0.0,0.0,0.0,0.0,0.0,0.34,0.0,1.0,0.0,0
1756460169,1257,0.0,0.0,0.0,0.0,0.0,0.0,0.49,0.0,2.0,0.05,0
1756460169,1258,0.0,0.0,0.0,0.0,0.0,0.0,0.0,0.0,2.0,0.1,0
1756460169,1259,0.0,0.0,0.0,0.0,0.0,0.0,0.11,0.0,3.0,0.12,0
1756460169,1260,0.0,0.0,0.0,0.0,0.0,0.0,0.01,0.0,1.0,0.1,0
1756460169,1261,0.0,0.0,0.0,0.0,0.0,0.0,0.23,0.0,2.0,0.02,0
1756460169,1262,0.0,0.0,0.0,0.0,0.0,0.0,0.46,0.0,5.0,0.17,0
1756460169,1263,0.0,0.0,0.0,0.0,0.0,0.0,0.68,0.0,0.0,0.12,0
1756460169,1264,0.0,0.0,0.0,0.0,0.0,0.0,0.89,0.0,0.0,0.1,0
1756460169,1265,0.0,0.0,0.0,0.0,0.0,0.0,1.0,0.0,1.0,0.02,0
1756460169,1266,0.0,0.0,0.0,0.0,0.0,0.0,0.03,0.0,5.0,0.02,0
1756460169,1267,0.0,0.0,0.0,0.0,0.0,0.0,0.3,0.0,3.0,0.05,0
1756460169,1268,0.0,0.0,0.0,0.0,0.0,0.0,0.51,0.0,2.0,0.17,0
1756460169,1269,0.0,0.0,0.0,0.0,0.0,0.0,0.76,0.0,5.0,0.05,0
1756460169,1270,0.0,0.0,0.0,0.0,0.0,0.0,1.0,0.0,0.0,0.12,0
1756460169,1271,0.0,0.0,0.0,0.0,0.0,0.0,1.0,0.0,2.0,0.2,0
1756460169,1272,0.0,0.0,0.0,0.0,0.0,0.0,1.0,0.0,4.0,0.12,0
1756460169,1273,0.0,0.0,0.0,0.0,0.0,0.0,1.0,0.0,2.0,0.0,0
1756460169,1274,0.0,0.0,0.0,0.0,0.0,0.0,1.0,0.0,2.0,0.12,0
1756460169,1275,0.0,0.0,0.0,0.0,0.0,0.0,0.01,0.0,2.0,0.1,0
1756460169,1276,0.0,0.0,0.0,0.0,0.0,0.0,0.18,0.0,2.0,0.05,0
1756460169,1277,0.0,0.0,0.0,0.0,0.0,0.0,0.37,0.0,0.0,0.05,0
1756460169,1278,0.0,0.0,0.0,0.0,0.0,0.0,0.55,0.0,2.0,0.2,0
1756460169,1279,0.0,0.0,0.0,0.0,0.0,0.0,0.73,0.0,2.0,0.02,0
1756460169,1280,0.0,0.0,0.0,0.0,0.0,0.0,0.03,0.0,1.0,0.02,0
1756460169,1281,0.0,0.0,0.0,0.0,0.0,0.0,0.18,0.0,0.0,0.0,0
1756460169,1282,0.0,0.0,0.0,0.0,0.0,0.0,0.34,0.0,2.0,0.1,0
1756460169,1283,0.0,0.0,0.0,0.0,0.0,0.0,0.49,0.0,2.0,0.12,0
1756460169,1284,0.0,0.0,0.0,0.0,0.0,0.0,0.63,0.0,0.0,0.05,0
1756460169,1285,0.0,0.0,0.0,0.0,0.0,0.0,0.79,0.0,4.0,0.0,0
1756460169,1286,0.0,0.0,0.0,0.0,0.0,0.0,0.93,0.0,4.0,0.12,0
1756460169,1287,0.0,0.0,0.0,0.0,0.0,0.0,1.0,0.0,0.0,0.0,0
1756460169,1288,0.0,0.0,0.0,0.0,0.0,0.0,1.0,0.0,2.0,0.02,0
1756460169,1289,0.0,0.0,0.0,0.0,0.0,0.0,1.0,0.0,0.0,0.17,0
1756460169,1290,0.0,0.0,0.0,0.0,0.0,0.0,1.0,0.0,1.0,0.05,0
1756460169,1291,0.0,0.0,0.0,0.0,0.0,0.0,1.0,0.0,0.0,0.0,0
1756460169,1292,0.0,0.0,0.0,0.0,0.0,0.0,1.0,0.0,1.0,0.12,0
1756460169,1293,0.0,0.0,0.0,0.0,0.0,0.0,1.0,0.0,5.0,0.23,0
1756460169,1294,0.0,0.0,0.0,0.0,0.0,0.0,1.0,0.0,0.0,0.0,0
1756460169,1295,0.0,0.0,0.0,0.0,0.0,0.0,0.03,0.0,2.0,0.05,0
1756460169,1296,0.0,0.0,0.0,0.0,0.0,0.0,0.01,0.0,3.0,0.2,0
1756460169,1297,0.0,0.0,0.0,0.0,0.0,0.0,0.01,0.0,2.0,0.05,0
1756460169,1298,0.0,0.0,0.0,0.0,0.0,0.0,0.12,0.0,0.0,0.0,0
1756460169,1299,0.0,0.0,0.0,0.0,0.0,0.0,0.0,0.0,1.0,0.0,0
1756460169,1300,0.0,0.0,0.0,0.0,0.0,0.0,0.15,0.0,2.0,0.2,0
1756460169,1301,0.0,0.0,0.0,0.0,0.0,0.0,0.3,0.0,2.0,0.05,0
1756460169,1302,0.0,0.0,0.0,0.0,0.0,0.0,0.43,0.0,0.0,0.12,0
1756460169,1303,0.0,0.0,0.0,0.0,0.0,0.0,0.57,0.0,0.0,0.0,0
1756460169,1304,0.0,0.0,0.0,0.0,0.0,0.0,0.73,0.0,2.0,0.23,0
1756460169,1305,0.0,0.0,0.0,0.0,0.0,0.0,0.87,0.0,2.0,0.02,0
1756460169,1306,0.0,0.0,0.0,0.0,0.0,0.0,1.0,0.0,2.0,0.0,0
1756460169,1307,0.0,0.0,0.0,0.0,0.0,0.0,1.0,0.0,1.0,0.1,0
1756460169,1308,0.0,0.0,0.0,0.0,0.0,0.0,0.0,0.0,2.0,0.55,0
1756460169,1309,0.0,0.0,0.0,0.0,0.0,0.0,0.1,0.0,0.0,0.02,0
1756460169,1310,0.0,0.0,0.0,0.0,0.0,0.0,0.23,0.0,6.0,0.17,0
1756460169,1311,0.0,0.0,0.0,0.0,0.0,0.0,0.34,0.0,6.0,0.12,0
1756460170,1312,0.0,0.0,0.0,0.0,0.0,0.0,0.46,0.0,2.0,0.1,0
1756460170,1313,0.0,0.0,0.0,0.0,0.0,0.0,0.56,0.0,1.0,0.1,0
1756460170,1314,0.0,0.0,0.0,0.0,0.0,0.0,0.1,0.0,1.0,0.12,0
1756460170,1315,0.0,0.0,0.0,0.0,0.0,0.0,0.28,0.0,0.0,0.02,0
1756460170,1316,0.0,0.0,0.0,0.0,0.0,0.0,0.46,0.0,0.0,0.0,0
1756460170,1317,0.0,0.0,0.0,0.0,0.0,0.0,0.63,0.0,2.0,0.1,0
1756460170,1318,0.0,0.0,0.0,0.0,0.0,0.0,0.81,0.0,2.0,0.05,0
1756460170,1319,0.0,0.0,0.0,0.0,0.0,0.0,1.0,0.0,2.0,0.1,0
1756460170,1320,0.0,0.0,0.0,0.0,0.0,0.0,1.0,0.0,0.0,0.12,0
1756460170,1321,0.0,0.0,0.0,0.0,0.0,0.0,1.0,0.0,3.0,0.05,0
1756460170,1322,0.0,0.0,0.0,0.0,0.0,0.0,1.0,0.0,5.0,0.05,0
1756460170,1323,0.0,0.0,0.0,0.0,0.0,0.0,0.0,0.0,1.0,0.17,0
1756460170,1324,0.0,0.0,0.0,0.0,0.0,0.0,0.12,0.0,1.0,0.1,0
1756460170,1325,0.0,0.0,0.0,0.0,0.0,0.0,0.25,0.0,4.0,0.1,0
1756460170,1326,0.0,0.0,0.0,0.0,0.0,0.0,0.37,0.0,1.0,0.1,0
1756460170,1327,0.0,0.0,0.0,0.0,0.0,0.0,0.5,0.0,5.0,0.02,0
1756460170,1328,0.0,0.0,0.0,0.0,0.0,0.0,0.62,0.0,2.0,0.02,0
1756460170,1329,0.0,0.0,0.0,0.0,0.0,0.0,0.74,0.0,1.0,0.05,0
1756460170,1330,0.0,0.0,0.0,0.0,0.0,0.0,0.86,0.0,2.0,0.02,0
1756460170,1331,0.0,0.0,0.0,0.0,0.0,0.0,0.99,0.0,1.0,0.0,0
1756460170,1332,0.0,0.0,0.0,0.0,0.0,0.0,1.0,0.0,1.0,0.0,0
1756460170,1333,0.0,0.0,0.0,0.0,0.0,0.0,0.0,0.0,2.0,0.47,0
1756460170,1334,0.0,0.0,0.0,0.0,0.0,0.0,0.1,0.0,2.0,0.12,0
1756460170,1335,0.0,0.0,0.0,0.0,0.0,0.0,0.23,0.0,2.0,0.05,0
1756460170,1336,0.0,0.0,0.0,0.0,0.0,0.0,0.03,0.0,2.0,0.05,0
1756460170,1337,0.0,0.0,0.0,0.0,0.0,0.0,0.17,0.0,0.0,0.05,0
1756460170,1338,0.0,0.0,0.0,0.0,0.0,0.0,0.3,0.0,2.0,0.2,0
1756460170,1339,0.0,0.0,0.0,0.0,0.0,0.0,0.44,0.0,0.0,0.0,0
1756460170,1340,0.0,0.0,0.0,0.0,0.0,0.0,0.57,0.0,2.0,0.0,0
1756460170,1341,0.0,0.0,0.0,0.0,0.0,0.0,0.73,0.0,0.0,0.05,0
1756460170,1342,0.0,0.0,0.0,0.0,0.0,0.0,0.86,0.0,0.0,0.02,0
1756460170,1343,0.0,0.0,0.0,0.0,0.0,0.0,1.0,0.0,6.0,0.17,0
1756460170,1344,0.0,0.0,0.0,0.0,0.0,0.0,1.0,0.0,1.0,0.12,0
1756460170,1345,0.0,0.0,0.0,0.0,0.0,0.0,1.0,0.0,2.0,0.0,0
1756460170,1346,0.0,0.0,0.0,0.0,0.0,0.0,0.0,0.0,2.0,0.27,0
1756460170,1347,0.0,0.0,0.0,0.0,0.0,0.0,0.11,0.0,0.0,0.05,0
1756460170,1348,0.0,0.0,0.0,0.0,0.0,0.0,0.11,0.0,1.0,0.1,0
1756460170,1349,0.0,0.0,0.0,0.0,0.0,0.0,0.31,0.0,2.0,0.1,0
1756460170,1350,0.0,0.0,0.0,0.0,0.0,0.0,0.54,0.0,0.0,0.05,0
1756460170,1351,0.0,0.0,0.0,0.0,0.0,0.0,0.05,0.0,2.0,0.05,0
1756460170,1352,0.0,0.0,0.0,0.0,0.0,0.0,0.23,0.0,1.0,0.05,0
1756460170,1353,0.0,0.0,0.0,0.0,0.0,0.0,0.43,0.0,2.0,0.12,0
1756460170,1354,0.0,0.0,0.0,0.0,0.0,0.0,0.63,0.0,1.0,0.2,0
1756460170,1355,0.0,0.0,0.0,0.0,0.0,0.0,0.83,0.0,0.0,0.0,0
1756460170,1356,0.0,0.0,0.0,0.0,0.0,0.0,1.0,0.0,5.0,0.1,0
1756460170,1357,0.0,0.0,0.0,0.0,0.0,0.0,1.0,0.0,2.0,0.05,0
1756460170,1358,0.0,0.0,0.0,0.0,0.0,0.0,1.0,0.0,0.0,0.02,0
1756460170,1359,0.0,0.0,0.0,0.0,0.0,0.0,1.0,0.0,1.0,0.0,0
1756460170,1360,0.0,0.0,0.0,0.0,0.0,0.0,1.0,0.0,2.0,0.02,0
1756460170,1361,0.0,0.0,0.0,0.0,0.0,0.0,1.0,0.0,2.0,0.05,0
1756460170,1362,0.0,0.0,0.0,0.0,0.0,0.0,1.0,0.0,1.0,0.05,0
1756460170,1363,0.0,0.0,0.0,0.0,0.0,0.0,0.05,0.0,1.0,0.1,0
1756460170,1364,0.0,0.0,0.0,0.0,0.0,0.0,0.03,0.0,3.0,0.05,0
1756460170,1365,0.0,0.0,0.0,0.0,0.0,0.0,0.21,0.0,6.0,0.2,0
1756460170,1366,0.0,0.0,0.0,0.0,0.0,0.0,0.4,0.0,0.0,0.02,0
1756460170,1367,0.0,0.0,0.0,0.0,0.0,0.0,0.57,0.0,1.0,0.02,0
1756460170,1368,0.0,0.0,0.0,0.0,0.0,0.0,0.75,0.0,1.0,0.0,0
1756460170,1369,0.0,0.0,0.0,0.0,0.0,0.0,0.93,0.0,0.0,0.0,0
1756460170,1370,0.0,0.0,0.0,0.0,0.0,0.0,1.0,0.0,1.0,0.0,0
1756460170,1371,0.0,0.0,0.0,0.0,0.0,0.0,1.0,0.0,0.0,0.0,0
1756460170,1372,0.0,0.0,0.0,0.0,0.0,0.0,1.0,0.0,7.0,0.05,0
1756460170,1373,0.0,0.0,0.0,0.0,0.0,0.0,1.0,0.0,0.0,0.1,0
1756460170,1374,0.0,0.0,0.0,0.0,0.0,0.0,1.0,0.0,3.0,0.0,0
1756460171,1375,0.0,0.0,0.0,0.0,0.0,0.0,1.0,0.0,0.0,0.0,0
1756460171,1376,0.0,0.0,0.0,0.0,0.0,0.0,1.0,0.0,0.0,0.02,0
1756460171,1377,0.0,0.0,0.0,0.0,0.0,0.0,0.03,0.0,2.0,0.05,0
1756460171,1378,0.0,0.0,0.0,0.0,0.0,0.0,0.15,0.0,0.0,0.05,0
1756460171,1379,0.0,0.0,0.0,0.0,0.0,0.0,0.25,0.0,2.0,0.2,0
1756460171,1380,0.0,0.0,0.0,0.0,0.0,0.0,0.37,0.0,1.0,0.1,0
1756460171,1381,0.0,0.0,0.0,0.0,0.0,0.0,0.5,0.0,1.0,0.0,0
1756460171,1382,0.0,0.0,0.0,0.0,0.0,0.0,0.62,0.0,0.0,0.1,0
1756460171,1383,0.0,0.0,0.0,0.0,0.0,0.0,0.74,0.0,1.0,0.12,0
1756460171,1384,0.0,0.0,0.0,0.0,0.0,0.0,0.86,0.0,1.0,0.0,0
1756460171,1385,0.0,0.0,0.0,0.0,0.0,0.0,0.98,0.0,2.0,0.05,0
1756460171,1386,0.0,0.0,0.0,0.0,0.0,0.0,1.0,0.0,2.0,0.1,0
1756460171,1387,0.0,0.0,0.0,0.0,0.0,0.0,1.0,0.0,1.0,0.17,0
1756460171,1388,0.0,0.0,0.0,0.0,0.0,0.0,1.0,0.0,1.0,0.12,0
1756460171,1389,0.0,0.0,0.0,0.0,0.0,0.0,1.0,0.0,2.0,0.0,0
1756460171,1390,0.0,0.0,0.0,0.0,0.0,0.0,1.0,0.0,4.0,0.12,0
1756460171,1391,0.0,0.0,0.0,0.0,0.0,0.0,1.0,0.0,0.0,0.1,0
1756460171,1392,0.0,0.0,0.0,0.0,0.0,0.0,1.0,0.0,1.0,0.1,0
1756460171,1393,0.0,0.0,0.0,0.0,0.0,0.0,1.0,0.0,0.0,0.0,0
1756460171,1394,0.0,0.0,0.0,0.0,0.0,0.0,1.0,0.0,2.0,0.12,0
1756460171,1395,0.0,0.0,0.0,0.0,0.0,0.0,1.0,0.0,0.0,0.0,0
1756460171,1396,0.0,0.0,0.0,0.0,0.0,0.0,1.0,0.0,0.0,0.0,0
1756460171,1397,0.0,0.0,0.0,0.0,0.0,0.0,0.03,0.0,2.0,0.05,0
1756460171,1398,0.0,0.0,0.0,0.0,0.0,0.0,0.01,0.0,1.0,0.05,0
1756460171,1399,0.0,0.0,0.0,0.0,0.0,0.0,0.1,0.0,0.0,0.0,0
1756460171,1400,0.0,0.0,0.0,0.0,0.0,0.0,0.2,0.0,2.0,0.17,0
1756460171,1401,0.0,0.0,0.0,0.0,0.0,0.0,0.3,0.0,0.0,0.0,0
1756460171,1402,0.0,0.0,0.0,0.0,0.0,0.0,0.4,0.0,0.0,0.0,0
1756460171,1403,0.0,0.0,0.0,0.0,0.0,0.0,0.49,0.0,4.0,0.0,0
1756460171,1404,0.0,0.0,0.0,0.0,0.0,0.0,0.05,0.0,4.0,0.0,0
1756460171,1405,0.0,0.0,0.0,0.0,0.0,0.0,0.17,0.0,2.0,0.05,0
1756460171,1406,0.0,0.0,0.0,0.0,0.0,0.0,0.28,0.0,1.0,0.0,0
1756460171,1407,0.0,0.0,0.0,0.0,0.0,0.0,0.38,0.0,1.0,0.12,0
1756460171,1408,0.0,0.0,0.0,0.0,0.0,0.0,0.5,0.0,2.0,0.12,0
1756460171,1409,0.0,0.0,0.0,0.0,0.0,0.0,0.18,0.0,3.0,0.05,0
1756460171,1410,0.0,0.0,0.0,0.0,0.0,0.0,0.43,0.0,3.0,0.1,0
1756460171,1411,0.0,0.0,0.0,0.0,0.0,0.0,0.12,0.0,2.0,0.1,0
1756460171,1412,0.0,0.0,0.0,0.0,0.0,0.0,0.36,0.0,0.0,0.05,0
1756460171,1413,0.0,0.0,0.0,0.0,0.0,0.0,0.6,0.0,0.0,0.02,0
1756460171,1414,0.0,0.0,0.0,0.0,0.0,0.0,0.83,0.0,2.0,0.02,0
1756460171,1415,0.0,0.0,0.0,0.0,0.0,0.0,1.0,0.0,2.0,0.12,0
1756460171,1416,0.0,0.0,0.0,0.0,0.0,0.0,1.0,0.0,2.0,0.12,0
1756460171,1417,0.0,0.0,0.0,0.0,0.0,0.0,1.0,0.0,0.0,0.05,0
1756460171,1418,0.0,0.0,0.0,0.0,0.0,0.0,1.0,0.0,2.0,0.1,0
1756460171,1419,0.0,0.0,0.0,0.0,0.0,0.0,1.0,0.0,0.0,0.05,0
1756460171,1420,0.0,0.0,0.0,0.0,0.0,0.0,1.0,0.0,0.0,0.2,0
1756460171,1421,0.0,0.0,0.0,0.0,0.0,0.0,1.0,0.0,0.0,0.1,0
1756460171,1422,0.0,0.0,0.0,0.0,0.0,0.0,1.0,0.0,0.0,0.0,0
1756460171,1423,0.0,0.0,0.0,0.0,0.0,0.0,1.0,0.0,5.0,0.05,0
1756460171,1424,0.0,0.0,0.0,0.0,0.0,0.0,1.0,0.0,1.0,0.0,0
1756460171,1425,0.0,0.0,0.0,0.0,0.0,0.0,1.0,0.0,1.0,0.02,0
1756460171,1426,0.0,0.0,0.0,0.0,0.0,0.0,0.1,0.0,1.0,0.02,0
1756460171,1427,0.0,0.0,0.0,0.0,0.0,0.0,0.11,0.0,3.0,0.1,0
1756460171,1428,0.0,0.0,0.0,0.0,0.0,0.0,0.5,0.0,2.0,0.0,0
1756460171,1429,0.0,0.0,0.0,0.0,0.0,0.0,0.89,0.0,0.0,0.17,0
1756460171,1430,0.0,0.0,0.0,0.0,0.0,0.0,1.0,0.0,4.0,0.12,0
1756460171,1431,0.0,0.0,0.0,0.0,0.0,0.0,0.15,0.0,3.0,0.05,0
1756460171,1432,0.0,0.0,0.0,0.0,0.0,0.0,0.54,0.0,2.0,0.05,0
1756460171,1433,0.0,0.0,0.0,0.0,0.0,0.0,0.05,0.0,2.0,0.0,0
1756460171,1434,0.0,0.0,0.0,0.0,0.0,0.0,0.44,0.0,2.0,0.05,0
1756460171,1435,0.0,0.0,0.0,0.0,0.0,0.0,0.88,0.0,2.0,0.23,0
1756460171,1436,0.0,0.0,0.0,0.0,0.0,0.0,0.15,0.0,3.0,0.05,0
1756460171,1437,0.0,0.0,0.0,0.0,0.0,0.0,0.5,0.0,2.0,0.1,0
1756460171,1438,0.0,0.0,0.0,0.0,0.0,0.0,0.0,0.0,3.0,0.31,0
1756460172,1439,0.0,0.0,0.0,0.0,0.0,0.0,0.43,0.0,1.0,0.02,0
1756460172,1440,0.0,0.0,0.0,0.0,0.0,0.0,0.86,0.0,0.0,0.05,0
1756460172,1441,0.0,0.0,0.0,0.0,0.0,0.0,1.0,0.0,2.0,0.05,0
1756460172,1442,0.0,0.0,0.0,0.0,0.0,0.0,1.0,0.0,2.0,0.05,0
1756460172,1443,0.0,0.0,0.0,0.0,0.0,0.0,1.0,0.0,1.0,0.05,0
1756460172,1444,0.0,0.0,0.0,0.0,0.0,0.0,0.01,0.0,0.0,0.02,0
1756460172,1445,0.0,0.0,0.0,0.0,0.0,0.0,0.47,0.0,2.0,0.12,0
1756460172,1446,0.0,0.0,0.0,0.0,0.0,0.0,0.88,0.0,2.0,0.1,0
1756460172,1447,0.0,0.0,0.0,0.0,0.0,0.0,1.0,0.0,0.0,0.0,0
1756460172,1448,0.0,0.0,0.0,0.0,0.0,0.0,1.0,0.0,3.0,0.02,0
1756460172,1449,0.0,0.0,0.0,0.0,0.0,0.0,0.0,0.0,1.0,0.34,0
1756460172,1450,0.0,0.0,0.0,0.0,0.0,0.0,0.4,0.0,4.0,0.17,0
1756460172,1451,0.0,0.0,0.0,0.0,0.0,0.0,1.0,0.0,0.0,0.1,0
1756460172,1452,0.0,0.0,0.0,0.0,0.0,0.0,1.0,0.0,0.0,0.0,0
1756460172,1453,0.0,0.0,0.0,0.0,0.0,0.0,1.0,0.0,3.0,0.17,0
1756460172,1454,0.0,0.0,0.0,0.0,0.0,0.0,1.0,0.0,1.0,0.05,0
1756460172,1455,0.0,0.0,0.0,0.0,0.0,0.0,1.0,0.0,0.0,0.0,0
1756460172,1456,0.0,0.0,0.0,0.0,0.0,0.0,1.0,0.0,0.0,0.02,0
1756460172,1457,0.0,0.0,0.0,0.0,0.0,0.0,1.0,0.0,0.0,0.1,0
1756460172,1458,0.0,0.0,0.0,0.0,0.0,0.0,1.0,0.0,2.0,0.05,0
1756460172,1459,0.0,0.0,0.0,0.0,0.0,0.0,1.0,0.0,2.0,0.1,0
1756460172,1460,0.0,0.0,0.0,0.0,0.0,0.0,1.0,0.0,0.0,0.1,0
1756460172,1461,0.0,0.0,0.0,0.0,0.0,0.0,1.0,0.0,0.0,0.02,0
1756460172,1462,0.0,0.0,0.0,0.0,0.0,0.0,0.12,0.0,2.0,0.0,0
1756460172,1463,0.0,0.0,0.0,0.0,0.0,0.0,0.56,0.0,0.0,0.0,0
1756460172,1464,0.0,0.0,0.0,0.0,0.0,0.0,0.97,0.0,2.0,0.0,0
1756460172,1465,0.0,0.0,0.0,0.0,0.0,0.0,1.0,0.0,2.0,0.05,0
1756460172,1466,0.0,0.0,0.0,0.0,0.0,0.0,1.0,0.0,2.0,0.23,0
1756460172,1467,0.0,0.0,0.0,0.0,0.0,0.0,1.0,0.0,1.0,0.0,0
1756460172,1468,0.0,0.0,0.0,0.0,0.0,0.0,1.0,0.0,0.0,0.0,0
1756460172,1469,0.0,0.0,0.0,0.0,0.0,0.0,1.0,0.0,1.0,0.05,0
1756460172,1470,0.0,0.0,0.0,0.0,0.0,0.0,1.0,0.0,1.0,0.05,0
1756460172,1471,0.0,0.0,0.0,0.0,0.0,0.0,1.0,0.0,5.0,0.02,0
1756460172,1472,0.0,0.0,0.0,0.0,0.0,0.0,1.0,0.0,2.0,0.1,0
1756460172,1473,0.0,0.0,0.0,0.0,0.0,0.0,1.0,0.0,2.0,0.1,0
1756460172,1474,0.0,0.0,0.0,0.0,0.0,0.0,1.0,0.0,1.0,0.1,0
1756460172,1475,0.0,0.0,0.0,0.0,0.0,0.0,1.0,0.0,1.0,0.2,0
1756460172,1476,0.0,0.0,0.0,0.0,0.0,0.0,1.0,0.0,1.0,0.0,0
1756460172,1477,0.0,0.0,0.0,0.0,0.0,0.0,1.0,0.0,1.0,0.0,0
1756460172,1478,0.0,0.0,0.0,0.0,0.0,0.0,1.0,0.0,0.0,0.05,0
1756460172,1479,0.0,0.0,0.0,0.0,0.0,0.0,1.0,0.0,2.0,0.02,0
1756460172,1480,0.0,0.0,0.0,0.0,0.0,0.0,0.07,0.0,0.0,0.1,0
1756460172,1481,0.0,0.0,0.0,0.0,0.0,0.0,0.47,0.0,1.0,0.0,0
1756460172,1482,0.0,0.0,0.0,0.0,0.0,0.0,0.88,0.0,2.0,0.02,0
1756460172,1483,0.0,0.0,0.0,0.0,0.0,0.0,1.0,0.0,1.0,0.2,0
1756460172,1484,0.0,0.0,0.0,0.0,0.0,0.0,1.0,0.0,0.0,0.1,0
1756460172,1485,0.0,0.0,0.0,0.0,0.0,0.0,0.01,0.0,3.0,0.02,0
1756460172,1486,0.0,0.0,0.0,0.0,0.0,0.0,0.44,0.0,3.0,0.05,0
1756460172,1487,0.0,0.0,0.0,0.0,0.0,0.0,0.0,0.0,3.0,1.0,0
1756460172,1488,0.0,0.0,0.0,0.0,0.0,0.0,0.37,0.0,2.0,0.05,0
1756460172,1489,0.0,0.0,0.0,0.0,0.0,0.0,0.77,0.0,2.0,0.2,0
1756460172,1490,0.0,0.0,0.0,0.0,0.0,0.0,0.0,0.0,1.0,0.27,0
1756460172,1491,0.0,0.0,0.0,0.0,0.0,0.0,0.41,0.0,0.0,0.0,0
1756460172,1492,0.0,0.0,0.0,0.0,0.0,0.0,0.81,0.0,0.0,0.0,0
1756460172,1493,0.0,0.0,0.0,0.0,0.0,0.0,1.0,0.0,1.0,0.0,0
1756460172,1494,0.0,0.0,0.0,0.0,0.0,0.0,1.0,0.0,2.0,0.0,0
1756460172,1495,0.0,0.0,0.0,0.0,0.0,0.0,1.0,0.0,2.0,0.1,0
1756460172,1496,0.0,0.0,0.0,0.0,0.0,0.0,1.0,0.0,1.0,0.02,0
1756460172,1497,0.0,0.0,0.0,0.0,0.0,0.0,1.0,0.0,0.0,0.05,0
1756460172,1498,0.0,0.0,0.0,0.0,0.0,0.0,0.05,0.0,2.0,0.05,0
1756460172,1499,0.0,0.0,0.0,0.0,0.0,0.0,0.43,0.0,2.0,0.1,0
1756460172,1500,0.0,0.0,0.0,0.0,0.0,0.0,0.86,0.0,1.0,0.0,0
1756460173,1501,0.0,0.0,0.0,0.0,0.0,0.0,1.0,0.0,2.0,0.05,0
1756460173,1502,0.0,0.0,0.0,0.0,0.0,0.0,1.0,0.0,0.0,0.02,0
1756460173,1503,0.0,0.0,0.0,0.0,0.0,0.0,1.0,0.0,3.0,0.2,0
1756460173,1504,0.0,0.0,0.0,0.0,0.0,0.0,1.0,0.0,6.0,0.05,0
1756460173,1505,0.0,0.0,0.0,0.0,0.0,0.0,1.0,0.0,2.0,0.05,0
1756460173,1506,0.0,0.0,0.0,0.0,0.0,0.0,0.05,0.0,6.0,0.12,0
1756460173,1507,0.0,0.0,0.0,0.0,0.0,0.0,0.43,0.0,0.0,0.05,0
1756460173,1508,0.0,0.0,0.0,0.0,0.0,0.0,0.86,0.0,3.0,0.2,0
1756460173,1509,0.0,0.0,0.0,0.0,0.0,0.0,1.0,0.0,2.0,0.23,0
1756460173,1510,0.0,0.0,0.0,0.0,0.0,0.0,0.01,0.0,3.0,0.2,0
1756460173,1511,0.0,0.0,0.0,0.0,0.0,0.0,0.36,0.0,3.0,0.02,0
1756460173,1512,0.0,0.0,0.0,0.0,0.0,0.0,0.67,0.0,1.0,0.1,0
1756460173,1513,0.0,0.0,0.0,0.0,0.0,0.0,1.0,0.0,1.0,0.05,0
1756460173,1514,0.0,0.0,0.0,0.0,0.0,0.0,1.0,0.0,7.0,0.02,0
1756460173,1515,0.0,0.0,0.0,0.0,0.0,0.0,1.0,0.0,2.0,0.05,0
1756460173,1516,0.0,0.0,0.0,0.0,0.0,0.0,0.02,0.0,3.0,0.02,0
1756460173,1517,0.0,0.0,0.0,0.0,0.0,0.0,0.25,0.0,0.0,0.12,0
1756460173,1518,0.0,0.0,0.0,0.0,0.0,0.0,0.5,0.0,1.0,0.1,0
1756460173,1519,0.0,0.0,0.0,0.0,0.0,0.0,0.75,0.0,2.0,0.02,0
1756460173,1520,0.0,0.0,0.0,0.0,0.0,0.0,0.98,0.0,1.0,0.05,0
1756460173,1521,0.0,0.0,0.0,0.0,0.0,0.0,1.0,0.0,0.0,0.05,0
1756460173,1522,0.0,0.0,0.0,0.0,0.0,0.0,1.0,0.0,3.0,0.1,0
1756460173,1523,0.0,0.0,0.0,0.0,0.0,0.0,1.0,0.0,2.0,0.0,0
1756460173,1524,0.0,0.0,0.0,0.0,0.0,0.0,1.0,0.0,1.0,0.05,0
1756460173,1525,0.0,0.0,0.0,0.0,0.0,0.0,1.0,0.0,3.0,0.05,0
1756460173,1526,0.0,0.0,0.0,0.0,0.0,0.0,1.0,0.0,2.0,0.05,0
1756460173,1527,0.0,0.0,0.0,0.0,0.0,0.0,1.0,0.0,0.0,0.12,0
1756460173,1528,0.0,0.0,0.0,0.0,0.0,0.0,1.0,0.0,2.0,0.2,0
1756460173,1529,0.0,0.0,0.0,0.0,0.0,0.0,0.02,0.0,2.0,0.2,0
1756460173,1530,0.0,0.0,0.0,0.0,0.0,0.0,0.1,0.0,4.0,0.0,0
1756460173,1531,0.0,0.0,0.0,0.0,0.0,0.0,0.2,0.0,2.0,0.1,0
1756460173,1532,0.0,0.0,0.0,0.0,0.0,0.0,0.17,0.0,4.0,0.05,0
1756460173,1533,0.0,0.0,0.0,0.0,0.0,0.0,0.51,0.0,1.0,0.05,0
1756460173,1534,0.0,0.0,0.0,0.0,0.0,0.0,0.92,0.0,3.0,0.1,0
1756460173,1535,0.0,0.0,0.0,0.0,0.0,0.0,1.0,0.0,2.0,0.1,0
1756460173,1536,0.0,0.0,0.0,0.0,0.0,0.0,1.0,0.0,2.0,0.02,0
1756460173,1537,0.0,0.0,0.0,0.0,0.0,0.0,1.0,0.0,5.0,0.1,0
1756460173,1538,0.0,0.0,0.0,0.0,0.0,0.0,1.0,0.0,2.0,0.05,0
1756460173,1539,0.0,0.0,0.0,0.0,0.0,0.0,1.0,0.0,2.0,0.17,0
1756460173,1540,0.0,0.0,0.0,0.0,0.0,0.0,1.0,0.0,2.0,0.0,0
1756460173,1541,0.0,0.0,0.0,0.0,0.0,0.0,0.0,0.0,5.0,0.05,0
1756460173,1542,0.0,0.0,0.0,0.0,0.0,0.0,0.28,0.0,2.0,0.12,0
1756460173,1543,0.0,0.0,0.0,0.0,0.0,0.0,0.14,0.0,2.0,0.05,0
1756460173,1544,0.0,0.0,0.0,0.0,0.0,0.0,0.38,0.0,2.0,0.05,0
1756460173,1545,0.0,0.0,0.0,0.0,0.0,0.0,0.64,0.0,4.0,0.0,0
1756460173,1546,0.0,0.0,0.0,0.0,0.0,0.0,0.89,0.0,3.0,0.12,0
1756460173,1547,0.0,0.0,0.0,0.0,0.0,0.0,1.0,0.0,4.0,0.23,0
1756460173,1548,0.0,0.0,0.0,0.0,0.0,0.0,1.0,0.0,0.0,0.1,0
1756460173,1549,0.0,0.0,0.0,0.0,0.0,0.0,0.03,0.0,2.0,0.05,0
1756460173,1550,0.0,0.0,0.0,0.0,0.0,0.0,0.2,0.0,3.0,0.02,0
1756460173,1551,0.0,0.0,0.0,0.0,0.0,0.0,0.37,0.0,0.0,0.1,0
1756460173,1552,0.0,0.0,0.0,0.0,0.0,0.0,0.55,0.0,0.0,0.0,0
1756460173,1553,0.0,0.0,0.0,0.0,0.0,0.0,0.1,0.0,1.0,0.02,0
1756460173,1554,0.0,0.0,0.0,0.0,0.0,0.0,0.34,0.0,0.0,0.05,0
1756460173,1555,0.0,0.0,0.0,0.0,0.0,0.0,0.6,0.0,2.0,0.0,0
1756460173,1556,0.0,0.0,0.0,0.0,0.0,0.0,0.85,0.0,4.0,0.0,0
1756460173,1557,0.0,0.0,0.0,0.0,0.0,0.0,1.0,0.0,1.0,0.12,0
1756460173,1558,0.0,0.0,0.0,0.0,0.0,0.0,1.0,0.0,2.0,0.05,0
1756460173,1559,0.0,0.0,0.0,0.0,0.0,0.0,1.0,0.0,3.0,0.05,0
1756460173,1560,0.0,0.0,0.0,0.0,0.0,0.0,1.0,0.0,2.0,0.05,0
1756460173,1561,0.0,0.0,0.0,0.0,0.0,0.0,1.0,0.0,3.0,0.02,0
1756460173,1562,0.0,0.0,0.0,0.0,0.0,0.0,1.0,0.0,2.0,0.1,0
1756460173,1563,0.0,0.0,0.0,0.0,0.0,0.0,1.0,0.0,2.0,0.05,0
1756460173,1564,0.0,0.0,0.0,0.0,0.0,0.0,1.0,0.0,1.0,0.02,0
1756460173,1565,0.0,0.0,0.0,0.0,0.0,0.0,1.0,0.0,1.0,0.1,0
1756460173,1566,0.0,0.0,0.0,0.0,0.0,0.0,0.15,0.0,1.0,0.0,0
1756460173,1567,0.0,0.0,0.0,0.0,0.0,0.0,0.1,0.0,2.0,0.1,0
1756460174,1568,0.0,0.0,0.0,0.0,0.0,0.0,0.34,0.0,1.0,0.0,0
1756460174,1569,0.0,0.0,0.0,0.0,0.0,0.0,0.57,0.0,2.0,0.1,0
1756460174,1570,0.0,0.0,0.0,0.0,0.0,0.0,0.15,0.0,2.0,0.17,0
1756460174,1571,0.0,0.0,0.0,0.0,0.0,0.0,0.5,0.0,2.0,0.02,0
1756460174,1572,0.0,0.0,0.0,0.0,0.0,0.0,1.0,0.0,0.0,0.05,0
1756460174,1573,0.0,0.0,0.0,0.0,0.0,0.0,1.0,0.0,5.0,0.05,0
1756460174,1574,0.0,0.0,0.0,0.0,0.0,0.0,1.0,0.0,3.0,0.0,0
1756460174,1575,0.0,0.0,0.0,0.0,0.0,0.0,1.0,0.0,6.0,0.12,0
1756460174,1576,0.0,0.0,0.0,0.0,0.0,0.0,1.0,0.0,2.0,0.1,0
1756460174,1577,0.0,0.0,0.0,0.0,0.0,0.0,1.0,0.0,2.0,0.05,0
1756460174,1578,0.0,0.0,0.0,0.0,0.0,0.0,1.0,0.0,2.0,0.2,0
1756460174,1579,0.0,0.0,0.0,0.0,0.0,0.0,0.1,0.0,2.0,0.02,0
1756460174,1580,0.0,0.0,0.0,0.0,0.0,0.0,0.09,0.0,0.0,0.0,0
1756460174,1581,0.0,0.0,0.0,0.0,0.0,0.0,0.61,0.0,2.0,0.05,0
1756460174,1582,0.0,0.0,0.0,0.0,0.0,0.0,1.0,0.0,0.0,0.0,0
1756460174,1583,0.0,0.0,0.0,0.0,0.0,0.0,0.2,0.0,2.0,0.0,0
1756460174,1584,0.0,0.0,0.0,0.0,0.0,0.0,0.64,0.0,4.0,0.1,0
1756460174,1585,0.0,0.0,0.0,0.0,0.0,0.0,1.0,0.0,0.0,0.1,0
1756460174,1586,0.0,0.0,0.0,0.0,0.0,0.0,1.0,0.0,4.0,0.02,0
1756460174,1587,0.0,0.0,0.0,0.0,0.0,0.0,1.0,0.0,1.0,0.0,0
1756460174,1588,0.0,0.0,0.0,0.0,0.0,0.0,0.03,0.0,0.0,0.05,0
1756460174,1589,0.0,0.0,0.0,0.0,0.0,0.0,0.38,0.0,2.0,0.1,0
1756460174,1590,0.0,0.0,0.0,0.0,0.0,0.0,0.7,0.0,2.0,0.02,0
1756460174,1591,0.0,0.0,0.0,0.0,0.0,0.0,1.0,0.0,2.0,0.1,0
1756460174,1592,0.0,0.0,0.0,0.0,0.0,0.0,1.0,0.0,0.0,0.02,0
1756460174,1593,0.0,0.0,0.0,0.0,0.0,0.0,1.0,0.0,0.0,0.0,0
1756460174,1594,0.0,0.0,0.0,0.0,0.0,0.0,0.17,0.0,2.0,0.1,0
1756460174,1595,0.0,0.0,0.0,0.0,0.0,0.0,0.4,0.0,0.0,0.02,0
1756460174,1596,0.0,0.0,0.0,0.0,0.0,0.0,0.63,0.0,2.0,0.05,0
1756460174,1597,0.0,0.0,0.0,0.0,0.0,0.0,0.86,0.0,1.0,0.05,0
1756460174,1598,0.0,0.0,0.0,0.0,0.0,0.0,1.0,0.0,1.0,0.1,0
1756460174,1599,0.0,0.0,0.0,0.0,0.0,0.0,1.0,0.0,1.0,0.05,0
1756460174,1600,0.0,0.0,0.0,0.0,0.0,0.0,0.03,0.0,0.0,0.0,0
1756460174,1601,0.0,0.0,0.0,0.0,0.0,0.0,0.23,0.0,2.0,0.23,0
1756460174,1602,0.0,0.0,0.0,0.0,0.0,0.0,0.4,0.0,0.0,0.12,0
1756460174,1603,0.0,0.0,0.0,0.0,0.0,0.0,0.57,0.0,2.0,0.05,0
1756460174,1604,0.0,0.0,0.0,0.0,0.0,0.0,0.0,0.0,5.0,0.31,0
1756460174,1605,0.0,0.0,0.0,0.0,0.0,0.0,0.18,0.0,0.0,0.0,0
1756460174,1606,0.0,0.0,0.0,0.0,0.0,0.0,0.37,0.0,4.0,0.02,0
1756460174,1607,0.0,0.0,0.0,0.0,0.0,0.0,0.56,0.0,4.0,0.23,0
1756460174,1608,0.0,0.0,0.0,0.0,0.0,0.0,0.74,0.0,1.0,0.05,0
1756460174,1609,0.0,0.0,0.0,0.0,0.0,0.0,0.92,0.0,2.0,0.02,0
1756460174,1610,0.0,0.0,0.0,0.0,0.0,0.0,1.0,0.0,3.0,0.23,0
1756460174,1611,0.0,0.0,0.0,0.0,0.0,0.0,1.0,0.0,0.0,0.1,0
1756460174,1612,0.0,0.0,0.0,0.0,0.0,0.0,1.0,0.0,2.0,0.17,0
1756460174,1613,0.0,0.0,0.0,0.0,0.0,0.0,1.0,0.0,0.0,0.0,0
1756460174,1614,0.0,0.0,0.0,0.0,0.0,0.0,1.0,0.0,1.0,0.0,0
1756460174,1615,0.0,0.0,0.0,0.0,0.0,0.0,1.0,0.0,0.0,0.1,0
1756460174,1616,0.0,0.0,0.0,0.0,0.0,0.0,1.0,0.0,2.0,0.12,0
1756460174,1617,0.0,0.0,0.0,0.0,0.0,0.0,1.0,0.0,2.0,0.1,0
1756460174,1618,0.0,0.0,0.0,0.0,0.0,0.0,0.05,0.0,0.0,0.17,0
1756460174,1619,0.0,0.0,0.0,0.0,0.0,0.0,0.25,0.0,2.0,0.05,0
1756460174,1620,0.0,0.0,0.0,0.0,0.0,0.0,0.0,0.0,3.0,0.27,0
1756460174,1621,0.0,0.0,0.0,0.0,0.0,0.0,0.01,0.0,2.0,0.02,0
1756460174,1622,0.0,0.0,0.0,0.0,0.0,0.0,0.43,0.0,2.0,0.1,0
1756460174,1623,0.0,0.0,0.0,0.0,0.0,0.0,0.83,0.0,0.0,0.05,0
1756460174,1624,0.0,0.0,0.0,0.0,0.0,0.0,1.0,0.0,2.0,0.02,0
1756460174,1625,0.0,0.0,0.0,0.0,0.0,0.0,1.0,0.0,1.0,0.12,0
1756460174,1626,0.0,0.0,0.0,0.0,0.0,0.0,1.0,0.0,0.0,0.0,0
1756460174,1627,0.0,0.0,0.0,0.0,0.0,0.0,1.0,0.0,0.0,0.0,0
1756460174,1628,0.0,0.0,0.0,0.0,0.0,0.0,1.0,0.0,2.0,0.1,0
1756460174,1629,0.0,0.0,0.0,0.0,0.0,0.0,0.12,0.0,2.0,0.1,0
1756460174,1630,0.0,0.0,0.0,0.0,0.0,0.0,0.51,0.0,2.0,0.05,0
1756460174,1631,0.0,0.0,0.0,0.0,0.0,0.0,0.92,0.0,5.0,0.1,0
1756460174,1632,0.0,0.0,0.0,0.0,0.0,0.0,1.0,0.0,2.0,0.1,0
1756460175,1633,0.0,0.0,0.0,0.0,0.0,0.0,1.0,0.0,0.0,0.02,0
1756460175,1634,0.0,0.0,0.0,0.0,0.0,0.0,1.0,0.0,0.0,0.0,0
1756460175,1635,0.0,0.0,0.0,0.0,0.0,0.0,0.1,0.0,3.0,0.05,0
1756460175,1636,0.0,0.0,0.0,0.0,0.0,0.0,0.41,0.0,4.0,0.05,0
1756460175,1637,0.0,0.0,0.0,0.0,0.0,0.0,0.74,0.0,2.0,0.0,0
1756460175,1638,0.0,0.0,0.0,0.0,0.0,0.0,1.0,0.0,2.0,0.02,0
1756460175,1639,0.0,0.0,0.0,0.0,0.0,0.0,1.0,0.0,1.0,0.02,0
1756460175,1640,0.0,0.0,0.0,0.0,0.0,0.0,1.0,0.0,4.0,0.1,0
1756460175,1641,0.0,0.0,0.0,0.0,0.0,0.0,1.0,0.0,2.0,0.1,0
1756460175,1642,0.0,0.0,0.0,0.0,0.0,0.0,1.0,0.0,2.0,0.1,0
1756460175,1643,0.0,0.0,0.0,0.0,0.0,0.0,1.0,0.0,0.0,0.05,0
1756460175,1644,0.0,0.0,0.0,0.0,0.0,0.0,0.01,0.0,2.0,0.1,0
1756460175,1645,0.0,0.0,0.0,0.0,0.0,0.0,0.21,0.0,0.0,0.0,0
1756460175,1646,0.0,0.0,0.0,0.0,0.0,0.0,0.02,0.0,4.0,0.17,0
1756460175,1647,0.0,0.0,0.0,0.0,0.0,0.0,0.28,0.0,2.0,0.05,0
1756460175,1648,0.0,0.0,0.0,0.0,0.0,0.0,0.56,0.0,1.0,0.12,0
1756460175,1649,0.0,0.0,0.0,0.0,0.0,0.0,0.81,0.0,0.0,0.05,0
1756460175,1650,0.0,0.0,0.0,0.0,0.0,0.0,1.0,0.0,2.0,0.0,0
1756460175,1651,0.0,0.0,0.0,0.0,0.0,0.0,0.2,0.0,2.0,0.0,0
1756460175,1652,0.0,0.0,0.0,0.0,0.0,0.0,0.63,0.0,2.0,0.2,0
1756460175,1653,0.0,0.0,0.0,0.0,0.0,0.0,0.1,0.0,2.0,0.17,0
1756460175,1654,0.0,0.0,0.0,0.0,0.0,0.0,0.46,0.0,2.0,0.02,0
1756460175,1655,0.0,0.0,0.0,0.0,0.0,0.0,0.83,0.0,0.0,0.0,0
1756460175,1656,0.0,0.0,0.0,0.0,0.0,0.0,0.2,0.0,2.0,0.05,0
1756460175,1657,0.0,0.0,0.0,0.0,0.0,0.0,0.51,0.0,3.0,0.1,0
1756460175,1658,0.0,0.0,0.0,0.0,0.0,0.0,0.85,0.0,0.0,0.0,0
1756460175,1659,0.0,0.0,0.0,0.0,0.0,0.0,1.0,0.0,2.0,0.0,0
1756460175,1660,0.0,0.0,0.0,0.0,0.0,0.0,1.0,0.0,2.0,0.0,0
1756460175,1661,0.0,0.0,0.0,0.0,0.0,0.0,1.0,0.0,0.0,0.0,0
1756460175,1662,0.0,0.0,0.0,0.0,0.0,0.0,1.0,0.0,2.0,0.17,0
1756460175,1663,0.0,0.0,0.0,0.0,0.0,0.0,1.0,0.0,5.0,0.17,0
1756460175,1664,0.0,0.0,0.0,0.0,0.0,0.0,1.0,0.0,3.0,0.05,0
1756460175,1665,0.0,0.0,0.0,0.0,0.0,0.0,1.0,0.0,0.0,0.05,0
1756460175,1666,0.0,0.0,0.0,0.0,0.0,0.0,1.0,0.0,0.0,0.05,0
1756460175,1667,0.0,0.0,0.0,0.0,0.0,0.0,1.0,0.0,1.0,0.02,0
1756460175,1668,0.0,0.0,0.0,0.0,0.0,0.0,1.0,0.0,4.0,0.12,0
1756460175,1669,0.0,0.0,0.0,0.0,0.0,0.0,0.18,0.0,2.0,0.05,0
1756460175,1670,0.0,0.0,0.0,0.0,0.0,0.0,0.5,0.0,4.0,0.17,0
1756460175,1671,0.0,0.0,0.0,0.0,0.0,0.0,0.82,0.0,0.0,0.0,0
1756460175,1672,0.0,0.0,0.0,0.0,0.0,0.0,1.0,0.0,0.0,0.0,0
